sec,Mp_Nmm,y_p_mm,area_mm2
0,345472577.502881,75.942089,5423.640532
1,180104980.612722,64.704257,3898.422305
2,112649829.485758,56.867438,2597.446643
3,95705227.827160,55.779549,2332.400408
4,81930480.716157,53.390332,2078.552389
5,92678114.514448,52.213850,2281.170483
6,85107554.265412,53.443979,2180.960610
7,61078485.253184,46.554072,1757.557788
8,71953115.679315,46.239103,2011.912955
9,65707005.230916,45.340193,1940.198810
10,60236704.831158,46.727376,1884.457024
11,58338051.674366,38.220167,2022.713124
12,50117538.375039,36.271340,1906.685025
13,43772123.111424,34.374536,1821.791269
14,38306030.736209,32.516626,1751.027937
