variable,nominal,lower,upper
t_Outer,2.498733,2.248859,2.748606
t_Plate,1.332731,1.199458,1.466004
t_Inner,2.496771,2.247094,2.746448
t_Patch1,0.817696,0.735927,0.899466
t_Patch2,0.726143,0.653529,0.798757
d_sec00,27.965209,25.168688,30.761730
d_sec01,29.956193,26.960573,32.951812
d_sec02,31.710180,28.539162,34.881198
d_sec03,33.474545,30.127090,36.821999
d_sec04,34.463510,31.017159,37.909861
d_sec05,34.893864,31.404477,38.383250
d_sec06,35.205567,31.685010,38.726124
d_sec07,35.432092,31.888883,38.975302
d_sec08,35.625997,32.063398,39.188597
d_sec09,35.938745,32.344871,39.532620
d_sec10,36.232949,32.609654,39.856244
d_sec11,36.213079,32.591771,39.834387
d_sec12,35.747312,32.172581,39.322044
d_sec13,35.022399,31.520159,38.524639
d_sec14,34.146588,30.731929,37.561246
d_sec15,33.147864,29.833078,36.462651
d_sec16,31.989385,28.790446,35.188323
