sample,y,y_pdd,y_loo,status
1,30.3078,31.0096,31.1021,snap_through
2,28.3794,28.6284,28.6737,snap_through
3,31.1698,31.0242,30.9895,snap_through
4,30.5854,30.5411,30.5337,snap_through
5,29.9014,29.8682,29.8632,snap_through
6,29.986,30.5527,30.6445,snap_through
7,28.5881,28.1347,28.0584,snap_through
8,28.384,28.9029,29.0018,stable
9,28.7822,28.7746,28.7729,snap_through
10,29.3446,29.3663,29.3709,stable
11,28.4883,28.5293,28.5386,snap_through
12,30.9349,30.5352,30.4761,stable
13,30.6558,30.4424,30.3897,snap_through
14,29.458,29.0223,28.9252,stable
15,29.761,30.0669,30.1124,snap_through
16,30.7071,31.3622,31.5206,snap_through
17,28.3202,28.4024,28.4152,snap_through
18,30.2835,30.1324,30.1016,snap_through
19,31.4707,32.2476,32.3791,snap_through
20,28.1746,28.2854,28.3073,snap_through
21,30.0833,29.8986,29.8666,snap_through
22,30.9315,30.8022,30.7749,stable
23,29.7264,29.1663,29.0269,snap_through
24,29.2779,29.4704,29.5064,snap_through
25,30.1762,30.3343,30.375,stable
26,29.4315,29.3746,29.3626,stable
27,30.2963,30.2566,30.2499,snap_through
28,30.8697,31.0928,31.1456,snap_through
29,27.8117,28.1156,28.1744,snap_through
30,32.2801,32.8281,32.9536,snap_through
31,28.5688,28.57,28.5702,snap_through
32,28.2271,28.637,28.6974,stable
33,28.4574,29.1163,29.2609,stable
34,30.1251,29.4193,29.2588,stable
35,31.5842,30.1337,29.8715,snap_through
36,28.6573,28.2083,28.1203,stable
37,28.8843,29.1158,29.1645,snap_through
38,31.374,31.2777,31.2623,snap_through
39,28.4956,28.2681,28.2308,snap_through
40,28.2184,27.9446,27.8911,snap_through
41,29.6145,29.0168,28.8863,snap_through
42,29.1839,29.6285,29.7044,snap_through
43,28.7442,28.5507,28.5156,snap_through
44,27.0961,27.863,28.0266,snap_through
45,29.504,29.7664,29.822,snap_through
46,30.1327,30.2252,30.2478,snap_through
47,32.0496,31.2078,31.0447,snap_through
48,29.0899,28.3257,28.1639,snap_through
49,29.6393,29.2751,29.2355,snap_through
50,29.8835,29.8649,29.8616,stable
51,27.4718,28.1452,28.2493,snap_through
52,28.7939,27.8799,27.7454,snap_through
53,31.6908,31.1114,30.9989,snap_through
54,29.5039,29.6605,29.6888,snap_through
55,32.6131,31.5259,31.2915,snap_through
56,27.0177,27.6437,27.7539,snap_through
57,32.4524,31.9633,31.8801,snap_through
58,30.6944,31.4515,31.6055,snap_through
59,31.086,31.5005,31.5848,stable
60,30.0057,28.9465,28.73,snap_through
61,28.2267,28.0659,28.0206,stable
62,29.434,29.6334,29.6845,snap_through
63,26.7497,27.4341,27.5719,stable
64,27.5939,28.1554,28.2564,snap_through
65,27.8518,27.683,27.6548,snap_through
66,30.408,30.2583,30.2304,snap_through
67,27.6051,28.0292,28.1295,stable
68,32.0049,31.7932,31.7433,snap_through
69,29.3377,28.7166,28.5923,snap_through
70,30.4445,31.4169,31.6081,snap_through
71,31.5583,32.153,32.2811,stable
72,29.1195,28.5567,28.4347,snap_through
73,26.6129,27.4323,27.5918,snap_through
74,27.7499,27.9597,27.9903,snap_through
75,28.7688,28.4791,28.4096,stable
76,31.1795,31.05,31.0209,snap_through
77,31.079,30.0753,29.789,snap_through
78,31.4857,31.3296,31.2957,snap_through
79,31.9619,31.5883,31.5356,snap_through
80,29.1086,28.803,28.7274,snap_through
81,28.5456,28.2617,28.1949,snap_through
82,32.2828,33.4909,33.7434,snap_through
83,27.344,27.879,27.9775,snap_through
84,27.0793,27.8156,27.9628,snap_through
85,30.4187,30.4821,30.4925,stable
86,31.3544,31.4397,31.4667,stable
87,30.4786,30.1583,30.0847,snap_through
88,31.9171,32.5159,32.6584,stable
89,28.2176,28.2219,28.2226,snap_through
90,29.5009,29.5294,29.5366,stable
91,30.5547,30.4346,30.4064,snap_through
92,26.4591,27.0267,27.1077,stable
93,29.1369,29.0798,29.0699,snap_through
94,29.8292,29.7098,29.6882,snap_through
95,30.2937,30.1391,30.0972,stable
96,28.7878,28.5056,28.4462,stable
97,29.8914,28.9815,28.838,snap_through
98,27.4415,27.1074,27.0305,stable
99,31.0433,30.418,30.2539,stable
100,27.9701,27.9185,27.9121,snap_through
101,29.1751,29.3056,29.3389,stable
102,31.3082,30.8839,30.7809,snap_through
103,30.2249,30.2439,30.2502,snap_through
104,27.6054,27.8241,27.8623,snap_through
105,30.1398,30.5291,30.6349,snap_through
106,28.3953,28.3314,28.323,snap_through
107,28.635,28.3653,28.3141,snap_through
108,29.1766,28.5363,28.4038,stable
109,26.7275,26.9843,27.028,stable
110,28.4093,28.3828,28.3767,snap_through
111,29.5834,29.117,29.0316,snap_through
112,30.5734,30.608,30.6141,snap_through
113,30.8466,30.6287,30.589,snap_through
114,29.2182,29.2575,29.2649,snap_through
115,30.9498,30.5728,30.526,snap_through
116,28.2968,27.8401,27.7546,snap_through
117,29.2891,28.3,28.086,snap_through
118,30.8454,30.3744,30.2736,snap_through
119,30.8018,30.8297,30.8339,snap_through
120,30.0182,30.0094,30.0079,stable
121,31.8128,30.9287,30.6867,snap_through
122,27.0629,27.6065,27.7181,snap_through
123,32.4625,32.8896,32.9941,snap_through
124,27.418,27.7679,27.8386,snap_through
125,29.7997,29.7091,29.6919,snap_through
126,31.6082,32.1209,32.2184,snap_through
127,31.4887,31.4198,31.3997,snap_through
128,29.0035,29.0625,29.0745,stable
129,30.0429,30.5521,30.6528,snap_through
130,27.3505,28.0059,28.1446,snap_through
131,29.0697,28.8589,28.8188,snap_through
132,31.192,30.7426,30.6237,snap_through
133,27.2479,27.8645,28.0009,snap_through
134,29.8919,29.74,29.7117,snap_through
135,29.6009,29.6318,29.636,snap_through
136,31.9944,32.3608,32.4255,snap_through
137,28.2397,28.2789,28.2868,snap_through
138,28.7781,28.8651,28.8865,snap_through
139,31.7288,31.466,31.4157,snap_through
140,28.6041,28.4527,28.4236,snap_through
141,30.0281,31.0944,31.2967,stable
142,31.5912,31.7785,31.8142,snap_through
143,26.4505,26.8139,26.8932,snap_through
144,26.6276,27.6725,27.9142,snap_through
145,26.1414,26.8931,27.0542,snap_through
146,32.9652,33.0899,33.1104,snap_through
147,26.9963,27.3094,27.3764,snap_through
148,30.2946,30.5759,30.6287,snap_through
149,28.0011,28.2174,28.2791,stable
150,31.4818,30.6756,30.5335,snap_through
151,27.5847,27.7258,27.7578,snap_through
152,28.6679,28.694,28.6994,snap_through
153,32.0121,31.9361,31.9253,snap_through
154,31.8145,30.6547,30.3399,stable
155,29.8583,29.6018,29.5538,snap_through
156,28.5739,29.1052,29.169,snap_through
157,27.8346,28.2815,28.399,snap_through
158,31.1323,31.3343,31.3787,stable
159,26.6762,27.044,27.1292,snap_through
160,28.9698,28.9278,28.9204,snap_through
161,29.5908,29.2732,29.1899,snap_through
162,31.3078,31.1351,31.0873,snap_through
163,27.1444,27.3016,27.3384,snap_through
164,29.2216,28.9083,28.8489,snap_through
165,29.0714,28.7994,28.7555,snap_through
166,27.5982,28.1164,28.1927,snap_through
167,29.9237,29.8189,29.8051,snap_through
168,31.4533,31.3906,31.3772,snap_through
169,28.5907,28.3985,28.3501,snap_through
170,27.9188,27.4799,27.4034,snap_through
171,30.1353,30.584,30.6642,snap_through
172,31.4865,30.8897,30.7722,stable
173,30.1887,30.0586,30.0242,stable
174,28.0101,28.2157,28.2492,snap_through
175,30.8636,30.9174,30.9266,snap_through
176,28.428,28.3287,28.3099,stable
177,31.097,31.143,31.1527,snap_through
178,30.5437,30.0868,29.995,snap_through
179,27.6775,27.5819,27.5651,stable
180,31.2377,31.2136,31.2073,snap_through
181,29.4564,29.7555,29.8079,stable
182,30.923,30.9082,30.905,snap_through
183,27.7144,28.3881,28.5047,snap_through
184,28.2913,28.7958,28.8853,snap_through
185,31.9026,31.9479,31.9571,snap_through
186,27.0806,27.6154,27.6897,stable
187,29.7019,29.5161,29.4795,snap_through
188,31.1654,31.1999,31.2064,stable
189,28.3254,28.8412,28.9465,snap_through
190,26.9044,27.1083,27.1609,snap_through
191,30.3501,29.7052,29.5964,snap_through
192,30.1332,31.0332,31.2617,stable
193,30.6121,30.883,30.9506,snap_through
194,30.4073,30.3931,30.3907,snap_through
195,30.7158,30.261,30.1518,stable
196,31.355,31.5628,31.616,stable
197,28.73,28.3999,28.3165,snap_through
198,30.3135,29.4793,29.2818,snap_through
199,30.9962,30.1328,29.9476,snap_through
200,28.0827,28.0884,28.0895,snap_through
201,32.1012,31.7986,31.723,snap_through
202,31.1237,30.7178,30.619,snap_through
203,29.8393,29.5738,29.5122,stable
204,28.3569,28.4773,28.497,snap_through
205,30.5689,30.1616,30.0905,snap_through
206,31.1315,30.9165,30.8771,stable
207,26.0821,27.3362,27.8708,stable
208,29.7599,30.0291,30.0824,stable
209,27.431,28.0212,28.1297,snap_through
210,30.7959,30.9222,30.9447,stable
211,30.3263,30.0262,29.9741,snap_through
212,31.4842,31.0108,30.9028,snap_through
213,26.6469,26.7995,26.849,snap_through
214,28.9456,28.9273,28.9249,snap_through
215,32.6765,33.4222,33.6034,snap_through
216,29.9759,30.3442,30.4343,snap_through
217,30.516,30.2643,30.2296,snap_through
218,26.8139,26.8534,26.8605,stable
219,29.2523,29.0616,29.0104,stable
220,31.4012,31.7465,31.819,snap_through
221,27.7835,28.5032,28.6145,snap_through
222,31.872,32.2433,32.3315,snap_through
223,28.6655,28.2117,28.1211,snap_through
224,28.9457,28.9636,28.9666,snap_through
225,28.4596,28.3759,28.3633,snap_through
226,29.7812,30.0631,30.161,snap_through
227,28.8821,29.0029,29.0321,snap_through
228,30.5079,30.4599,30.4496,snap_through
229,30.4595,30.0259,29.9577,snap_through
230,29.9489,30.0628,30.0792,snap_through
231,31.245,32.1757,32.4072,stable
232,26.4851,26.8659,26.9471,stable
233,29.2298,29.9421,30.0759,snap_through
234,27.9918,27.9625,27.9559,snap_through
235,26.7893,27.5194,27.6687,snap_through
236,29.8371,29.1528,29.033,snap_through
237,31.8066,32.6011,32.7973,stable
238,29.721,29.761,29.7714,stable
239,30.4262,29.7958,29.686,snap_through
240,27.7385,27.7294,27.7279,snap_through
241,28.9322,29.0278,29.0432,snap_through
242,30.3726,28.888,28.5734,stable
243,31.3165,31.3824,31.3966,stable
244,29.2531,29.2667,29.2694,snap_through
245,29.9432,29.8981,29.8885,stable
246,31.3439,31.5008,31.547,snap_through
247,29.466,28.7357,28.5562,snap_through
248,31.3243,31.4118,31.4306,snap_through
249,28.1667,28.3853,28.433,snap_through
250,28.5375,28.4235,28.4013,stable
251,28.4102,28.7899,28.8578,snap_through
252,27.4979,27.6246,27.6487,stable
253,30.3084,29.285,29.1038,snap_through
254,30.7175,31.4925,31.6241,snap_through
255,27.3243,27.3604,27.366,snap_through
256,28.4011,28.0384,27.9767,snap_through
257,30.3546,30.2432,30.2172,stable
258,32.4336,32.7678,32.8523,stable
259,30.1204,29.532,29.4028,snap_through
260,31.8249,30.5463,30.3347,snap_through
261,28.7068,28.521,28.4763,snap_through
262,29.9397,29.7847,29.7638,snap_through
263,28.38,28.4679,28.4865,snap_through
264,30.4095,30.5849,30.6104,snap_through
265,28.4129,28.0965,28.037,stable
266,31.0257,30.4188,30.2978,snap_through
267,27.4351,27.6142,27.6539,snap_through
