sec,Mp_before_Nmm,Mp_after_Nmm,Mp_change_pct,area_before_mm2,area_after_mm2,area_change_pct,asym_before_mm,asym_after_mm,max_shift_mm,clearance_before_mm,clearance_after_mm,mp_scale_c
0,6.96913e+07,6.96905e+07,-0.00111414,1744.91,1738.33,-0.377209,5.18152,9.59233e-14,3.18626,0.599159,0.705128,1.00483
1,6.637e+07,6.63693e+07,-0.00108742,1706.82,1701.73,-0.298632,4.92094,9.9476e-14,3.01474,0.577078,0.888305,1.00521
2,6.32727e+07,6.32721e+07,-0.00106446,1670.01,1664.75,-0.314556,5.38074,1.13687e-13,2.84038,0.589383,1.05959,1.00464
3,6.01868e+07,6.01862e+07,-0.00104905,1633.17,1627.92,-0.321709,5.51396,9.9476e-14,3.02476,0.654571,1.26837,1.00493
4,5.71997e+07,5.71991e+07,-0.00102009,1594.32,1589.57,-0.298048,6.13599,7.10543e-14,3.45476,0.995928,1.32354,1.00491
5,5.43927e+07,5.43922e+07,-0.00100835,1555.37,1550.86,-0.289923,6.11895,8.52651e-14,3.26527,0.864362,1.25884,1.00492
6,5.17509e+07,5.17503e+07,-0.00099934,1518.01,1513.24,-0.314325,6.11782,8.52651e-14,3.24942,0.867538,1.1679,1.00523
7,4.9166e+07,4.91655e+07,-0.000996394,1481.28,1476.51,-0.322505,5.96195,1.13687e-13,3.15191,0.958915,1.09336,1.00487
8,4.6698e+07,4.66976e+07,-0.000990671,1445.46,1440.61,-0.335708,6.40228,9.23706e-14,3.30305,0.939805,1.06376,1.00476
9,4.29064e+07,4.29059e+07,-0.000990449,1346.37,1341.97,-0.326514,6.44561,6.12843e-14,3.26964,4.16785,4.60651,1.00525
10,4.06847e+07,4.06843e+07,-0.000936154,1313.16,1308.94,-0.320722,6.21487,8.52651e-14,3.11721,4.09538,4.74119,1.00613
11,3.84309e+07,3.84306e+07,-0.000761867,1278.69,1275.08,-0.282199,6.03723,8.52651e-14,3.07295,4.14685,4.84405,1.00735
12,3.61399e+07,3.61396e+07,-0.000773939,1242.9,1239.47,-0.2762,5.80053,8.52651e-14,2.91892,4.28607,4.99376,1.00719
13,3.38331e+07,3.38329e+07,-0.000793469,1206.51,1202.94,-0.296663,5.80154,5.68434e-14,2.90491,4.45115,5.18699,1.00698
14,3.15492e+07,3.15489e+07,-0.000814972,1169.03,1165.42,-0.3092,5.51911,8.52651e-14,2.83061,4.68767,5.41906,1.00674
15,2.93322e+07,2.9332e+07,-0.000786598,1130.45,1127.22,-0.286521,5.12425,1.13687e-13,2.664,4.89734,5.58458,1.00688
16,2.71458e+07,2.71456e+07,-0.000843826,1091.6,1087.96,-0.333436,4.5177,5.68434e-14,2.37563,5.05664,5.56292,1.00643
