sec,plate_intrusion_mm,plate_distortion_mm,outer_intrusion_mm,d_crush_mm,max_sec,F_eval_kN,status,control_disp_mm
0,0.0000,0.0000,0.0000,0.0000,,1000.0000,snap_through,155.5783
1,12.3432,3.3815,22.2819,7.8779,,1000.0000,snap_through,155.5783
2,29.4168,5.7444,45.4613,17.1941,,1000.0000,snap_through,155.5783
3,47.2552,8.4485,67.2120,26.4414,,1000.0000,snap_through,155.5783
4,64.8464,10.5341,88.7497,36.2491,,1000.0000,snap_through,155.5783
5,82.2984,12.2323,109.9472,46.2205,,1000.0000,snap_through,155.5783
6,98.1384,13.0567,137.8715,55.4334,,1000.0000,snap_through,155.5783
7,110.4658,14.3915,151.0476,56.3803,,1000.0000,snap_through,155.5783
8,117.4897,14.1071,155.5783,54.2880,,1000.0000,snap_through,155.5783
9,117.1566,11.5347,152.3522,51.5971,,1000.0000,snap_through,155.5783
10,110.7788,12.6610,142.5035,48.1473,,1000.0000,snap_through,155.5783
11,98.1272,13.7026,117.4188,39.7565,,1000.0000,snap_through,155.5783
12,80.2448,11.4450,91.8181,30.8418,,1000.0000,snap_through,155.5783
13,61.1934,9.8530,68.2760,23.7488,,1000.0000,snap_through,155.5783
14,40.3597,6.9433,44.8871,17.0323,,1000.0000,snap_through,155.5783
15,18.3755,3.3920,20.8575,9.1487,,1000.0000,snap_through,155.5783
16,0.0000,0.0000,0.0000,0.0000,,1000.0000,snap_through,155.5783
max,117.4897,14.3915,155.5783,56.3803,8,1000.0000,snap_through,155.5783
