variable,PC1,PC2,PC3
Mp_sec00,0.243429,-0.159656,-0.0384932
Mp_sec01,0.244201,-0.166147,-0.0631314
Mp_sec02,0.244514,-0.173373,-0.0391616
Mp_sec03,0.244528,-0.169867,-0.0386859
Mp_sec04,0.244351,-0.146086,-0.0410741
Mp_sec05,0.244055,-0.158466,-0.0332092
Mp_sec06,0.243982,-0.156965,-0.0455149
Mp_sec07,0.244023,-0.139428,-0.0357638
Mp_sec08,0.243877,-0.173935,0.00157627
Mp_sec09,0.243819,-0.0408944,-0.0183184
Mp_sec10,0.243424,-0.0184989,-0.043481
Mp_sec11,0.242397,0.00442095,0.0501055
Mp_sec12,0.241104,0.00757188,-0.153793
Mp_sec13,0.240207,0.26034,-0.127799
Mp_sec14,0.239013,0.132433,0.516926
Mp_sec15,0.238286,0.431859,0.636505
Mp_sec16,0.237715,0.702352,-0.517964
explained_var_pct,98.0578,0.42398,0.347861
