term,coef
c0,118.20286
t_Outer_k1,-2.2327777
t_Outer_k2,0.67877893
t_Plate_k1,-1.9526273
t_Plate_k2,0.055195246
t_Inner_k1,-1.5915122
t_Inner_k2,0.0072270742
t_Patch1_k1,0.0088475512
t_Patch1_k2,-0.0095302957
t_Patch2_k1,0.064551138
t_Patch2_k2,-0.074044492
d_sec00_k1,-0.15505362
d_sec00_k2,-0.035723819
d_sec01_k1,-0.0046072379
d_sec01_k2,0.048404302
d_sec02_k1,-0.014031103
d_sec02_k2,0.15699367
d_sec03_k1,0.063767402
d_sec03_k2,0.19343383
d_sec04_k1,0.032306848
d_sec04_k2,0.085504719
d_sec05_k1,0.043516715
d_sec05_k2,-0.065358868
d_sec06_k1,0.060361246
d_sec06_k2,-0.064079772
d_sec07_k1,0.12805266
d_sec07_k2,0.23180822
d_sec08_k1,-0.24260739
d_sec08_k2,0.15116015
d_sec09_k1,-0.28575227
d_sec09_k2,-0.28353238
d_sec10_k1,0.20314284
d_sec10_k2,-0.0059230623
d_sec11_k1,0.16603647
d_sec11_k2,0.057797341
d_sec12_k1,0.039536625
d_sec12_k2,-0.020102844
d_sec13_k1,-0.13265045
d_sec13_k2,0.080551144
d_sec14_k1,-0.044981246
d_sec14_k2,0.0043674116
d_sec15_k1,-0.1773778
d_sec15_k2,0.021187064
d_sec16_k1,-0.075264366
d_sec16_k2,0.032401414
