variable,S1,S1_pct,var_contrib
t_Outer,0.44013,44.013,5.44604
t_Plate,0.30838,30.838,3.8158
t_Inner,0.204705,20.4705,2.53296
d_sec09,0.0130959,1.30959,0.162045
d_sec08,0.00660333,0.660333,0.0817077
d_sec07,0.00566786,0.566786,0.0701325
d_sec03,0.0033525,0.33525,0.0414829
d_sec10,0.00333789,0.333789,0.0413021
d_sec15,0.002579,0.2579,0.0319118
d_sec11,0.00249793,0.249793,0.0309086
d_sec00,0.0020461,0.20461,0.0253178
d_sec02,0.0020078,0.20078,0.0248439
d_sec13,0.00194643,0.194643,0.0240846
t_Patch2,0.000779833,0.0779833,0.00964944
d_sec04,0.000675205,0.0675205,0.00835479
d_sec06,0.000626303,0.0626303,0.0077497
d_sec16,0.000542648,0.0542648,0.00671458
d_sec05,0.000498273,0.0498273,0.00616549
d_sec01,0.000191067,0.0191067,0.0023642
d_sec14,0.000165059,0.0165059,0.00204239
d_sec12,0.000158988,0.0158988,0.00196727
t_Patch1,1.36665e-05,0.00136665,0.000169106
