sec,E_kJ,n,n_snap,mean,std,r2_train,r2_loo,rmse_loo,S_PC1_pct,S_t_Plate_pct,S_t_Inner_pct,S_t_Patch4_pct,SU_PC1_pct,SU_t_Plate_pct,SU_t_Inner_pct,SU_t_Patch4_pct
8,10.0000,267,0,10.7167,0.7363,0.9407,0.9358,0.1862,32.1087,47.4175,21.0528,-0.5790,89.5192,79.5928,41.0406,3.1018
8,15.0000,267,49,15.2010,0.9366,0.7017,0.6747,0.5332,-0.8959,92.3360,8.0930,0.4669,8.1324,99.0627,10.2355,1.4717
8,20.0000,267,202,21.5758,1.2809,0.7407,0.7213,0.6749,4.7379,91.0431,4.2276,-0.0085,1.1701,87.4816,3.3037,0.0329
8,25.0000,267,202,29.3977,1.6248,0.8063,0.7913,0.7409,48.9265,51.7782,-0.6308,-0.0739,38.5363,38.3039,0.2867,1.7001
8,30.0000,267,202,37.2795,1.9215,0.8506,0.8391,0.7694,80.0255,22.3910,-2.0424,-0.3742,77.1293,12.1269,1.4095,3.1057
9,10.0000,267,0,10.6780,0.6213,0.9284,0.9225,0.1727,28.0410,47.4897,25.4190,-0.9498,82.7955,78.0117,45.7449,1.3740
9,15.0000,267,49,15.3476,0.7775,0.6894,0.6611,0.4518,18.0496,72.7755,8.4865,0.6884,9.9311,66.1572,6.8292,1.2631
9,20.0000,267,202,21.8866,1.1284,0.7621,0.7444,0.5695,38.2188,56.8074,2.5551,2.4187,28.0071,44.9679,1.0495,4.9958
9,25.0000,267,202,29.3792,1.4861,0.7760,0.7599,0.7268,61.0012,37.1779,0.2526,1.5683,53.1045,25.1389,0.1694,5.3597
9,30.0000,267,202,36.5182,1.7744,0.7726,0.7564,0.8742,80.7996,18.5176,-0.4379,1.1207,78.2958,9.8853,0.2761,6.2218
