sample,file,repaired_points,joint_err_mm,follow_err_mm,min_clearance_mm,d_err_mm
1,bpillar_sample_001.csv,0,4.44089e-15,1.82077e-14,5.42519,7.10543e-15
2,bpillar_sample_002.csv,0,2.22045e-15,1.82077e-14,5.50086,1.42109e-14
3,bpillar_sample_003.csv,0,2.66454e-15,2.04281e-14,5.0453,7.10543e-15
4,bpillar_sample_004.csv,0,6.21725e-15,1.55431e-14,4.93143,1.42109e-14
5,bpillar_sample_005.csv,0,2.66454e-15,1.68754e-14,4.97777,1.42109e-14
6,bpillar_sample_006.csv,0,5.32907e-15,1.77636e-14,5.09788,1.42109e-14
7,bpillar_sample_007.csv,0,3.9968e-15,1.9984e-14,5.60946,7.10543e-15
8,bpillar_sample_008.csv,0,1.77636e-15,1.77636e-14,5.359,7.10543e-15
9,bpillar_sample_009.csv,0,2.66454e-15,1.90958e-14,5.37067,1.42109e-14
10,bpillar_sample_010.csv,0,3.55271e-15,2.17604e-14,5.33854,1.42109e-14
11,bpillar_sample_011.csv,0,1.77636e-15,2.13163e-14,4.86875,1.42109e-14
12,bpillar_sample_012.csv,0,6.66134e-15,1.77636e-14,4.87788,1.42109e-14
13,bpillar_sample_013.csv,0,2.66454e-15,1.42109e-14,4.6761,1.42109e-14
14,bpillar_sample_014.csv,0,6.21725e-15,2.08722e-14,4.85697,1.42109e-14
15,bpillar_sample_015.csv,0,6.21725e-15,1.95399e-14,5.22137,1.42109e-14
16,bpillar_sample_016.csv,0,4.44089e-15,2.17604e-14,5.13194,7.10543e-15
17,bpillar_sample_017.csv,0,4.88498e-15,1.82077e-14,4.75051,1.42109e-14
18,bpillar_sample_018.csv,0,2.22045e-15,1.46549e-14,4.98485,7.10543e-15
19,bpillar_sample_019.csv,0,3.10862e-15,1.82077e-14,4.93187,7.10543e-15
20,bpillar_sample_020.csv,0,5.32907e-15,1.77636e-14,5.67493,1.42109e-14
21,bpillar_sample_021.csv,0,2.66454e-15,2.13163e-14,5.27205,1.42109e-14
22,bpillar_sample_022.csv,0,4.44089e-15,1.86517e-14,4.68549,7.10543e-15
23,bpillar_sample_023.csv,0,3.10862e-15,1.86517e-14,4.85356,1.42109e-14
24,bpillar_sample_024.csv,0,2.22045e-15,1.68754e-14,5.18913,1.42109e-14
25,bpillar_sample_025.csv,0,4.44089e-15,1.90958e-14,4.77015,7.10543e-15
26,bpillar_sample_026.csv,0,5.32907e-15,2.22045e-14,4.64848,1.42109e-14
27,bpillar_sample_027.csv,0,1.77636e-15,2.17604e-14,4.93272,1.42109e-14
28,bpillar_sample_028.csv,0,2.22045e-15,1.55431e-14,4.72337,1.42109e-14
29,bpillar_sample_029.csv,0,2.66454e-15,1.90958e-14,5.67493,1.42109e-14
30,bpillar_sample_030.csv,0,2.22045e-15,1.73195e-14,4.82914,1.42109e-14
31,bpillar_sample_031.csv,0,4.44089e-15,1.86517e-14,5.20361,1.42109e-14
32,bpillar_sample_032.csv,0,3.9968e-15,1.68754e-14,5.31878,7.10543e-15
33,bpillar_sample_033.csv,0,6.66134e-15,1.77636e-14,4.66431,1.42109e-14
34,bpillar_sample_034.csv,0,1.77636e-15,1.46549e-14,5.29415,1.42109e-14
35,bpillar_sample_035.csv,0,3.10862e-15,1.68754e-14,5.20578,1.42109e-14
36,bpillar_sample_036.csv,0,3.10862e-15,2.04281e-14,4.74077,1.42109e-14
37,bpillar_sample_037.csv,0,3.55271e-15,1.68754e-14,5.42551,1.42109e-14
38,bpillar_sample_038.csv,0,4.44089e-15,1.55431e-14,4.82451,7.10543e-15
39,bpillar_sample_039.csv,0,6.21725e-15,1.86517e-14,4.67929,1.42109e-14
40,bpillar_sample_040.csv,0,2.66454e-15,1.82077e-14,5.22301,1.42109e-14
41,bpillar_sample_041.csv,0,7.10543e-15,1.77636e-14,4.89616,1.42109e-14
42,bpillar_sample_042.csv,0,1.77636e-15,1.77636e-14,5.08112,1.42109e-14
43,bpillar_sample_043.csv,0,2.66454e-15,1.82077e-14,5.22178,1.42109e-14
44,bpillar_sample_044.csv,0,3.10862e-15,2.04281e-14,4.77493,7.10543e-15
45,bpillar_sample_045.csv,0,3.55271e-15,1.95399e-14,4.82925,1.42109e-14
46,bpillar_sample_046.csv,0,1.77636e-15,2.44249e-14,5.21085,1.42109e-14
47,bpillar_sample_047.csv,0,3.10862e-15,1.86517e-14,4.89413,1.42109e-14
48,bpillar_sample_048.csv,0,1.77636e-15,1.55431e-14,5.50879,1.42109e-14
49,bpillar_sample_049.csv,0,3.10862e-15,1.68754e-14,5.35246,1.42109e-14
50,bpillar_sample_050.csv,0,1.77636e-15,1.73195e-14,5.6363,1.42109e-14
51,bpillar_sample_051.csv,0,3.55271e-15,1.55431e-14,5.4032,1.42109e-14
52,bpillar_sample_052.csv,0,4.88498e-15,1.55431e-14,5.29859,1.42109e-14
53,bpillar_sample_053.csv,0,2.66454e-15,1.73195e-14,5.67493,7.10543e-15
54,bpillar_sample_054.csv,0,2.66454e-15,1.86517e-14,5.33925,1.42109e-14
55,bpillar_sample_055.csv,0,3.55271e-15,1.82077e-14,5.43549,1.42109e-14
56,bpillar_sample_056.csv,0,2.66454e-15,1.5099e-14,4.69362,1.42109e-14
57,bpillar_sample_057.csv,0,1.77636e-15,2.13163e-14,5.02379,7.10543e-15
58,bpillar_sample_058.csv,0,2.66454e-15,2.22045e-14,5.21205,7.10543e-15
59,bpillar_sample_059.csv,0,6.66134e-15,1.46549e-14,5.13636,7.10543e-15
60,bpillar_sample_060.csv,0,4.44089e-15,1.86517e-14,5.14091,1.42109e-14
61,bpillar_sample_061.csv,0,4.44089e-15,1.64313e-14,5.51548,7.10543e-15
62,bpillar_sample_062.csv,0,5.32907e-15,1.95399e-14,4.61244,1.42109e-14
63,bpillar_sample_063.csv,0,6.21725e-15,1.68754e-14,5.67493,1.42109e-14
64,bpillar_sample_064.csv,0,2.66454e-15,1.9984e-14,4.74628,7.10543e-15
65,bpillar_sample_065.csv,0,1.77636e-15,1.59872e-14,4.9485,7.10543e-15
66,bpillar_sample_066.csv,0,5.32907e-15,1.95399e-14,5.09732,1.42109e-14
67,bpillar_sample_067.csv,0,6.21725e-15,1.77636e-14,5.44594,7.10543e-15
68,bpillar_sample_068.csv,0,3.55271e-15,1.95399e-14,5.1558,1.42109e-14
69,bpillar_sample_069.csv,0,1.77636e-15,2.30926e-14,4.94801,1.42109e-14
70,bpillar_sample_070.csv,0,5.32907e-15,2.13163e-14,5.16022,1.42109e-14
71,bpillar_sample_071.csv,0,2.66454e-15,2.08722e-14,4.78819,1.42109e-14
72,bpillar_sample_072.csv,0,2.22045e-15,1.9984e-14,5.4929,7.10543e-15
73,bpillar_sample_073.csv,0,3.10862e-15,2.04281e-14,5.14408,7.10543e-15
74,bpillar_sample_074.csv,0,3.55271e-15,2.17604e-14,4.80488,7.10543e-15
75,bpillar_sample_075.csv,0,5.32907e-15,1.73195e-14,5.36584,1.42109e-14
76,bpillar_sample_076.csv,0,6.21725e-15,2.35367e-14,5.1349,1.42109e-14
77,bpillar_sample_077.csv,0,3.55271e-15,1.9984e-14,5.67493,1.42109e-14
78,bpillar_sample_078.csv,0,2.66454e-15,2.30926e-14,5.19297,1.42109e-14
79,bpillar_sample_079.csv,0,3.10862e-15,2.04281e-14,5.3465,1.42109e-14
80,bpillar_sample_080.csv,0,3.55271e-15,1.68754e-14,4.73411,7.10543e-15
81,bpillar_sample_081.csv,0,2.22045e-15,1.55431e-14,5.0909,1.42109e-14
82,bpillar_sample_082.csv,0,2.22045e-15,1.73195e-14,5.21152,7.10543e-15
83,bpillar_sample_083.csv,0,2.66454e-15,1.77636e-14,4.85006,1.42109e-14
84,bpillar_sample_084.csv,0,2.66454e-15,1.55431e-14,5.11274,7.10543e-15
85,bpillar_sample_085.csv,0,4.44089e-15,1.95399e-14,5.06612,1.42109e-14
86,bpillar_sample_086.csv,0,4.44089e-15,1.77636e-14,5.34594,1.42109e-14
87,bpillar_sample_087.csv,0,4.44089e-15,1.77636e-14,4.7029,7.10543e-15
88,bpillar_sample_088.csv,0,2.66454e-15,1.64313e-14,5.39097,1.42109e-14
89,bpillar_sample_089.csv,0,7.10543e-15,2.04281e-14,4.98104,1.42109e-14
90,bpillar_sample_090.csv,0,3.55271e-15,2.08722e-14,5.02854,1.42109e-14
91,bpillar_sample_091.csv,0,2.66454e-15,2.08722e-14,4.66398,1.42109e-14
92,bpillar_sample_092.csv,0,2.66454e-15,1.33227e-14,5.67493,7.10543e-15
93,bpillar_sample_093.csv,0,6.66134e-15,1.77636e-14,4.82764,1.42109e-14
94,bpillar_sample_094.csv,0,2.66454e-15,2.04281e-14,5.13936,1.42109e-14
95,bpillar_sample_095.csv,0,3.10862e-15,1.77636e-14,5.22443,1.42109e-14
96,bpillar_sample_096.csv,0,6.21725e-15,1.73195e-14,5.27689,1.42109e-14
97,bpillar_sample_097.csv,0,4.44089e-15,2.08722e-14,4.75619,1.42109e-14
98,bpillar_sample_098.csv,0,1.77636e-15,1.86517e-14,4.93789,1.42109e-14
99,bpillar_sample_099.csv,0,3.55271e-15,1.77636e-14,4.9207,1.42109e-14
100,bpillar_sample_100.csv,0,3.9968e-15,1.73195e-14,5.40672,1.42109e-14
101,bpillar_sample_101.csv,0,2.66454e-15,1.68754e-14,4.93115,1.42109e-14
102,bpillar_sample_102.csv,0,2.66454e-15,2.08722e-14,5.67493,1.42109e-14
103,bpillar_sample_103.csv,0,6.21725e-15,2.57572e-14,5.31714,1.42109e-14
104,bpillar_sample_104.csv,0,2.22045e-15,2.04281e-14,5.01399,1.42109e-14
105,bpillar_sample_105.csv,0,4.44089e-15,2.22045e-14,4.86215,1.42109e-14
106,bpillar_sample_106.csv,0,6.66134e-15,1.82077e-14,4.82985,1.42109e-14
107,bpillar_sample_107.csv,0,3.10862e-15,1.5099e-14,5.35437,1.42109e-14
108,bpillar_sample_108.csv,0,3.55271e-15,1.9984e-14,5.08483,1.42109e-14
109,bpillar_sample_109.csv,0,3.55271e-15,1.68754e-14,5.27959,1.42109e-14
110,bpillar_sample_110.csv,0,4.44089e-15,1.68754e-14,4.79032,7.10543e-15
111,bpillar_sample_111.csv,0,6.21725e-15,1.64313e-14,4.95996,1.42109e-14
112,bpillar_sample_112.csv,0,5.32907e-15,1.90958e-14,5.13049,7.10543e-15
113,bpillar_sample_113.csv,0,6.21725e-15,1.68754e-14,5.07984,7.10543e-15
114,bpillar_sample_114.csv,0,1.77636e-15,1.5099e-14,5.26842,7.10543e-15
115,bpillar_sample_115.csv,0,5.32907e-15,1.5099e-14,5.31996,7.10543e-15
116,bpillar_sample_116.csv,0,5.32907e-15,1.82077e-14,5.18048,1.42109e-14
117,bpillar_sample_117.csv,0,2.22045e-15,1.73195e-14,5.24017,7.10543e-15
118,bpillar_sample_118.csv,0,2.22045e-15,1.77636e-14,5.29666,1.42109e-14
119,bpillar_sample_119.csv,0,4.44089e-15,1.55431e-14,5.01436,1.42109e-14
120,bpillar_sample_120.csv,0,4.88498e-15,2.4869e-14,4.67226,1.42109e-14
121,bpillar_sample_121.csv,0,7.10543e-15,1.86517e-14,5.18822,1.42109e-14
122,bpillar_sample_122.csv,0,5.32907e-15,1.77636e-14,5.25213,1.42109e-14
123,bpillar_sample_123.csv,0,5.32907e-15,1.73195e-14,5.04496,1.42109e-14
124,bpillar_sample_124.csv,0,4.44089e-15,2.08722e-14,4.82409,1.42109e-14
125,bpillar_sample_125.csv,0,3.9968e-15,2.53131e-14,4.92007,7.10543e-15
126,bpillar_sample_126.csv,0,2.22045e-15,1.95399e-14,5.12962,7.10543e-15
127,bpillar_sample_127.csv,0,2.66454e-15,2.35367e-14,5.05545,7.10543e-15
128,bpillar_sample_128.csv,0,4.88498e-15,2.26485e-14,5.30706,1.42109e-14
129,bpillar_sample_129.csv,0,4.44089e-15,1.68754e-14,5.64719,7.10543e-15
130,bpillar_sample_130.csv,0,6.21725e-15,1.86517e-14,4.66462,1.42109e-14
131,bpillar_sample_131.csv,0,2.66454e-15,2.04281e-14,5.5789,7.10543e-15
132,bpillar_sample_132.csv,0,6.66134e-15,2.13163e-14,5.29133,1.42109e-14
133,bpillar_sample_133.csv,0,2.22045e-15,1.59872e-14,5.67493,7.10543e-15
134,bpillar_sample_134.csv,0,1.77636e-15,1.55431e-14,5.24873,7.10543e-15
135,bpillar_sample_135.csv,0,3.55271e-15,2.04281e-14,5.34508,7.10543e-15
136,bpillar_sample_136.csv,0,3.55271e-15,1.73195e-14,5.39841,1.42109e-14
137,bpillar_sample_137.csv,0,2.22045e-15,1.86517e-14,5.26848,1.42109e-14
138,bpillar_sample_138.csv,0,5.77316e-15,1.9984e-14,4.88907,1.42109e-14
139,bpillar_sample_139.csv,0,2.66454e-15,1.82077e-14,5.45213,1.42109e-14
140,bpillar_sample_140.csv,0,4.44089e-15,2.35367e-14,4.94661,1.42109e-14
141,bpillar_sample_141.csv,0,2.22045e-15,1.55431e-14,5.28103,1.42109e-14
142,bpillar_sample_142.csv,0,4.44089e-15,1.73195e-14,5.58484,1.42109e-14
143,bpillar_sample_143.csv,0,6.66134e-15,1.73195e-14,4.58452,1.42109e-14
144,bpillar_sample_144.csv,0,5.32907e-15,1.68754e-14,4.6934,1.42109e-14
145,bpillar_sample_145.csv,0,2.66454e-15,2.26485e-14,5.09971,1.42109e-14
146,bpillar_sample_146.csv,0,3.10862e-15,2.22045e-14,5.49091,7.10543e-15
147,bpillar_sample_147.csv,0,3.55271e-15,2.04281e-14,5.29579,1.42109e-14
148,bpillar_sample_148.csv,0,3.9968e-15,2.04281e-14,5.31651,7.10543e-15
149,bpillar_sample_149.csv,0,7.10543e-15,1.82077e-14,4.83329,7.10543e-15
150,bpillar_sample_150.csv,0,3.55271e-15,1.9984e-14,5.32868,1.42109e-14
151,bpillar_sample_151.csv,0,4.44089e-15,2.35367e-14,4.93063,7.10543e-15
152,bpillar_sample_152.csv,0,6.21725e-15,2.30926e-14,5.04134,1.42109e-14
153,bpillar_sample_153.csv,0,5.32907e-15,2.39808e-14,5.22504,7.10543e-15
154,bpillar_sample_154.csv,0,3.55271e-15,1.82077e-14,4.62097,7.10543e-15
155,bpillar_sample_155.csv,0,2.66454e-15,1.55431e-14,4.93244,1.42109e-14
156,bpillar_sample_156.csv,0,4.44089e-15,1.95399e-14,4.97269,1.42109e-14
157,bpillar_sample_157.csv,0,5.32907e-15,1.77636e-14,4.93177,1.42109e-14
158,bpillar_sample_158.csv,0,2.66454e-15,1.73195e-14,4.75741,1.42109e-14
159,bpillar_sample_159.csv,0,1.77636e-15,1.68754e-14,4.94914,7.10543e-15
160,bpillar_sample_160.csv,0,1.77636e-15,1.73195e-14,5.38641,1.42109e-14
161,bpillar_sample_161.csv,0,2.22045e-15,1.95399e-14,5.67493,1.42109e-14
162,bpillar_sample_162.csv,0,5.32907e-15,1.5099e-14,5.52774,7.10543e-15
163,bpillar_sample_163.csv,0,2.66454e-15,1.42109e-14,5.08408,1.42109e-14
164,bpillar_sample_164.csv,0,4.44089e-15,1.5099e-14,5.10102,7.10543e-15
165,bpillar_sample_165.csv,0,2.22045e-15,1.55431e-14,5.08624,1.42109e-14
166,bpillar_sample_166.csv,0,3.55271e-15,1.5099e-14,5.07863,7.10543e-15
167,bpillar_sample_167.csv,0,3.10862e-15,1.9984e-14,5.38797,1.42109e-14
168,bpillar_sample_168.csv,0,6.21725e-15,1.73195e-14,5.61877,1.42109e-14
169,bpillar_sample_169.csv,0,5.32907e-15,2.04281e-14,5.47991,1.42109e-14
170,bpillar_sample_170.csv,0,1.77636e-15,1.46549e-14,5.05884,1.42109e-14
171,bpillar_sample_171.csv,0,2.22045e-15,1.86517e-14,5.67493,7.10543e-15
172,bpillar_sample_172.csv,0,3.55271e-15,1.82077e-14,5.44076,1.42109e-14
173,bpillar_sample_173.csv,0,6.21725e-15,2.04281e-14,4.78213,1.42109e-14
174,bpillar_sample_174.csv,0,1.77636e-15,1.37668e-14,5.16234,7.10543e-15
175,bpillar_sample_175.csv,0,3.55271e-15,1.55431e-14,4.94584,7.10543e-15
176,bpillar_sample_176.csv,0,3.10862e-15,1.82077e-14,4.86502,7.10543e-15
177,bpillar_sample_177.csv,0,4.44089e-15,1.95399e-14,5.16214,1.42109e-14
178,bpillar_sample_178.csv,0,7.10543e-15,2.04281e-14,5.16649,1.42109e-14
179,bpillar_sample_179.csv,0,4.44089e-15,1.95399e-14,5.03956,7.10543e-15
180,bpillar_sample_180.csv,0,2.66454e-15,1.46549e-14,4.69588,1.42109e-14
181,bpillar_sample_181.csv,0,2.66454e-15,2.30926e-14,5.67493,1.42109e-14
182,bpillar_sample_182.csv,0,1.77636e-15,1.90958e-14,5.67493,1.42109e-14
183,bpillar_sample_183.csv,0,2.22045e-15,2.70894e-14,5.10886,1.42109e-14
184,bpillar_sample_184.csv,0,5.77316e-15,1.77636e-14,5.67493,1.42109e-14
185,bpillar_sample_185.csv,0,1.77636e-15,1.82077e-14,5.54464,1.42109e-14
186,bpillar_sample_186.csv,0,4.44089e-15,2.08722e-14,5.42081,7.10543e-15
187,bpillar_sample_187.csv,0,3.9968e-15,1.77636e-14,5.2783,1.42109e-14
188,bpillar_sample_188.csv,0,5.77316e-15,1.55431e-14,5.46708,7.10543e-15
189,bpillar_sample_189.csv,0,1.77636e-15,2.30926e-14,5.23458,1.42109e-14
190,bpillar_sample_190.csv,0,5.32907e-15,2.26485e-14,5.07531,7.10543e-15
191,bpillar_sample_191.csv,0,1.77636e-15,2.08722e-14,5.60206,1.42109e-14
192,bpillar_sample_192.csv,0,6.66134e-15,1.9984e-14,4.78777,1.42109e-14
193,bpillar_sample_193.csv,0,2.66454e-15,1.77636e-14,5.04506,7.10543e-15
194,bpillar_sample_194.csv,0,1.77636e-15,1.86517e-14,5.17116,1.42109e-14
195,bpillar_sample_195.csv,0,2.22045e-15,1.95399e-14,5.16951,7.10543e-15
196,bpillar_sample_196.csv,0,3.55271e-15,1.73195e-14,4.83951,1.42109e-14
197,bpillar_sample_197.csv,0,5.32907e-15,2.17604e-14,4.64281,1.42109e-14
198,bpillar_sample_198.csv,0,3.10862e-15,1.90958e-14,4.92323,7.10543e-15
199,bpillar_sample_199.csv,0,3.9968e-15,2.35367e-14,4.78725,1.42109e-14
200,bpillar_sample_200.csv,0,6.21725e-15,1.68754e-14,5.38047,1.42109e-14
201,bpillar_sample_201.csv,0,3.55271e-15,1.64313e-14,4.83956,1.42109e-14
202,bpillar_sample_202.csv,0,5.32907e-15,1.86517e-14,5.20717,7.10543e-15
203,bpillar_sample_203.csv,0,6.21725e-15,1.90958e-14,4.89729,1.42109e-14
204,bpillar_sample_204.csv,0,3.55271e-15,1.5099e-14,4.78979,1.42109e-14
205,bpillar_sample_205.csv,0,6.66134e-15,1.90958e-14,5.67493,7.10543e-15
206,bpillar_sample_206.csv,0,3.55271e-15,1.77636e-14,5.03185,1.42109e-14
207,bpillar_sample_207.csv,0,1.77636e-15,1.42109e-14,5.07456,1.42109e-14
208,bpillar_sample_208.csv,0,3.55271e-15,1.90958e-14,5.48896,7.10543e-15
209,bpillar_sample_209.csv,0,5.32907e-15,1.55431e-14,5.18662,7.10543e-15
210,bpillar_sample_210.csv,0,3.55271e-15,2.35367e-14,5.36905,1.42109e-14
211,bpillar_sample_211.csv,0,4.44089e-15,1.77636e-14,5.28883,7.10543e-15
212,bpillar_sample_212.csv,0,3.55271e-15,2.13163e-14,5.05489,1.42109e-14
213,bpillar_sample_213.csv,0,5.32907e-15,1.68754e-14,5.11879,1.42109e-14
214,bpillar_sample_214.csv,0,6.21725e-15,1.77636e-14,4.76818,1.42109e-14
215,bpillar_sample_215.csv,0,3.10862e-15,1.73195e-14,5.10584,1.42109e-14
216,bpillar_sample_216.csv,0,2.66454e-15,1.5099e-14,5.23507,7.10543e-15
217,bpillar_sample_217.csv,0,3.10862e-15,1.68754e-14,5.18838,1.42109e-14
218,bpillar_sample_218.csv,0,6.66134e-15,1.82077e-14,5.59577,7.10543e-15
219,bpillar_sample_219.csv,0,2.22045e-15,2.26485e-14,4.73595,7.10543e-15
220,bpillar_sample_220.csv,0,2.66454e-15,1.68754e-14,5.25142,7.10543e-15
221,bpillar_sample_221.csv,0,4.44089e-15,1.82077e-14,4.79196,1.42109e-14
222,bpillar_sample_222.csv,0,3.9968e-15,1.46549e-14,4.91843,7.10543e-15
223,bpillar_sample_223.csv,0,5.32907e-15,2.44249e-14,5.12774,1.42109e-14
224,bpillar_sample_224.csv,0,5.32907e-15,1.90958e-14,5.32754,1.42109e-14
225,bpillar_sample_225.csv,0,3.9968e-15,1.33227e-14,5.58329,1.42109e-14
226,bpillar_sample_226.csv,0,3.55271e-15,1.73195e-14,4.70401,7.10543e-15
227,bpillar_sample_227.csv,0,5.32907e-15,1.24345e-14,5.41794,7.10543e-15
228,bpillar_sample_228.csv,0,6.66134e-15,2.13163e-14,5.40242,1.42109e-14
229,bpillar_sample_229.csv,0,4.44089e-15,2.04281e-14,4.66518,1.42109e-14
230,bpillar_sample_230.csv,0,4.44089e-15,1.73195e-14,5.50642,1.42109e-14
231,bpillar_sample_231.csv,0,5.32907e-15,2.22045e-14,5.37206,1.42109e-14
232,bpillar_sample_232.csv,0,6.21725e-15,1.37668e-14,5.4492,1.42109e-14
233,bpillar_sample_233.csv,0,6.21725e-15,1.55431e-14,5.22712,1.42109e-14
234,bpillar_sample_234.csv,0,3.10862e-15,1.59872e-14,5.14883,1.42109e-14
235,bpillar_sample_235.csv,0,2.66454e-15,1.73195e-14,5.14204,1.42109e-14
236,bpillar_sample_236.csv,0,1.77636e-15,1.77636e-14,5.00017,1.42109e-14
237,bpillar_sample_237.csv,0,2.66454e-15,1.64313e-14,4.90923,7.10543e-15
238,bpillar_sample_238.csv,0,1.77636e-15,1.82077e-14,4.70347,1.42109e-14
239,bpillar_sample_239.csv,0,6.21725e-15,1.82077e-14,5.2984,7.10543e-15
240,bpillar_sample_240.csv,0,2.22045e-15,2.08722e-14,4.94847,1.42109e-14
241,bpillar_sample_241.csv,0,4.44089e-15,2.17604e-14,4.92589,1.42109e-14
242,bpillar_sample_242.csv,0,1.77636e-15,2.30926e-14,4.76948,1.42109e-14
243,bpillar_sample_243.csv,0,2.66454e-15,1.68754e-14,5.67493,1.42109e-14
244,bpillar_sample_244.csv,0,5.77316e-15,1.64313e-14,4.80487,7.10543e-15
245,bpillar_sample_245.csv,0,6.66134e-15,2.30926e-14,5.67493,1.42109e-14
246,bpillar_sample_246.csv,0,6.21725e-15,1.37668e-14,5.17224,7.10543e-15
247,bpillar_sample_247.csv,0,3.9968e-15,1.86517e-14,5.48762,1.42109e-14
248,bpillar_sample_248.csv,0,3.55271e-15,1.90958e-14,5.0587,1.42109e-14
249,bpillar_sample_249.csv,0,3.55271e-15,2.04281e-14,5.19273,1.42109e-14
250,bpillar_sample_250.csv,0,2.22045e-15,2.17604e-14,5.16723,1.42109e-14
251,bpillar_sample_251.csv,0,3.55271e-15,1.86517e-14,5.5266,1.42109e-14
252,bpillar_sample_252.csv,0,3.55271e-15,1.82077e-14,5.6348,7.10543e-15
253,bpillar_sample_253.csv,0,2.66454e-15,1.9984e-14,5.2623,7.10543e-15
254,bpillar_sample_254.csv,0,2.66454e-15,1.95399e-14,5.02987,7.10543e-15
255,bpillar_sample_255.csv,0,5.32907e-15,1.55431e-14,4.85431,7.10543e-15
256,bpillar_sample_256.csv,0,2.66454e-15,1.77636e-14,4.91536,1.42109e-14
257,bpillar_sample_257.csv,0,1.77636e-15,1.42109e-14,4.87028,1.42109e-14
258,bpillar_sample_258.csv,0,2.66454e-15,1.73195e-14,5.03948,7.10543e-15
259,bpillar_sample_259.csv,0,7.10543e-15,1.46549e-14,5.49142,1.42109e-14
260,bpillar_sample_260.csv,0,5.32907e-15,1.73195e-14,5.66699,1.42109e-14
261,bpillar_sample_261.csv,0,6.66134e-15,1.90958e-14,4.87348,1.42109e-14
262,bpillar_sample_262.csv,0,3.55271e-15,1.82077e-14,4.76418,7.10543e-15
263,bpillar_sample_263.csv,0,3.55271e-15,1.9984e-14,4.95991,1.42109e-14
264,bpillar_sample_264.csv,0,3.55271e-15,1.90958e-14,4.88443,1.42109e-14
265,bpillar_sample_265.csv,0,4.88498e-15,1.86517e-14,5.07304,7.10543e-15
266,bpillar_sample_266.csv,0,7.10543e-15,1.37668e-14,5.42795,1.42109e-14
267,bpillar_sample_267.csv,0,2.66454e-15,1.90958e-14,4.77933,1.42109e-14
