sec,E_kJ,n,n_snap,mean,std,r2_train,r2_loo,rmse_loo,S_PC1_pct,S_t_Plate_pct,S_t_Inner_pct,SU_PC1_pct,SU_t_Plate_pct,SU_t_Inner_pct
8,10.0000,267,0,10.7167,0.7363,0.9140,0.9084,0.2224,31.2380,47.5047,21.2573,82.0037,77.6190,40.5131
8,15.0000,267,49,15.2010,0.9366,0.6922,0.6696,0.5373,-0.1319,92.1485,7.9834,6.6161,97.3168,9.7408
8,20.0000,267,202,21.5758,1.2809,0.7405,0.7259,0.6693,4.4802,91.2843,4.2355,1.0799,87.9135,3.3278
8,25.0000,267,202,29.3977,1.6248,0.7936,0.7810,0.7589,46.5449,54.0364,-0.5812,34.3295,40.9518,0.1821
8,30.0000,267,202,37.2795,1.9215,0.8263,0.8158,0.8231,77.3150,24.6563,-1.9713,69.9222,14.0969,1.1534
9,10.0000,267,0,10.6780,0.6213,0.9167,0.9113,0.1847,27.3321,47.2353,25.4326,77.4199,76.2047,45.1359
9,15.0000,267,49,15.3476,0.7775,0.6813,0.6578,0.4540,16.4278,74.7843,8.7879,8.7637,68.9623,7.2846
9,20.0000,267,202,21.8866,1.1284,0.7271,0.7107,0.6058,35.0450,62.0862,2.8688,22.6356,50.9804,1.1474
9,25.0000,267,202,29.3792,1.4861,0.7377,0.7228,0.7809,58.0169,41.4851,0.4980,45.6898,29.4214,0.0729
9,30.0000,267,202,36.5182,1.7744,0.7284,0.7134,0.9482,78.3199,21.8329,-0.1529,69.3523,12.5173,0.0795
