sample,y_pdd,y_fea
1,122.417,123.85
2,117.794,118.422
3,120.957,121.426
4,120.191,120.239
5,114.405,116.28
6,123.283,124.081
7,113.015,111.463
8,116.306,116.284
9,119.438,119.7
10,116.089,117.459
11,113.409,115.35
12,119.046,120.79
13,120.65,122.111
14,116.033,118.105
15,117.663,117.755
16,123.013,125.207
17,115.081,112.974
18,119.676,119.084
19,124.55,125.34
20,116.408,117.676
21,116.938,117.395
22,117.422,117.956
23,116.309,115.652
24,116.189,117.228
25,117.657,118.608
26,117.343,116.934
27,119.683,119.609
28,121.747,120.012
29,115.944,116.924
30,124.99,123.332
31,113.132,115.421
32,113.968,115.008
33,117.652,116.689
34,117.299,118.277
35,120.92,121.58
36,116.607,116.807
37,118.414,118.503
38,116.413,117.123
39,114.231,114.281
40,116.047,113.651
41,114.987,113.656
42,117.616,119.099
43,115.713,115.195
44,117.407,118.613
45,119.75,120.121
46,119.851,120.398
47,118.904,117.003
48,114.433,114.747
49,115.501,114.986
50,114.138,114.767
51,114.146,114.427
52,116.465,114.528
53,118.038,121.277
54,113.545,114.799
55,116.498,117.367
56,115.681,114.218
57,120.151,121.21
58,120.768,119.175
59,123.176,122.872
60,117.954,118.969
61,117.449,117.017
62,118.21,115.715
63,112.336,111.779
64,115.713,115.889
65,114.615,113.325
66,118.481,118.751
67,114.654,115.582
68,118.856,117.794
69,119.375,118.882
70,122.604,116.79
71,121.717,121.691
72,111.379,112.184
73,110.342,113.132
74,118.185,116.369
75,119.857,117.953
76,117.675,121.109
77,120.244,120.07
78,122.139,123.337
79,118.873,119.8
80,117.935,119.032
81,119.261,119.472
82,127.237,128.854
83,111.455,111.708
84,111.129,110.621
85,118.657,123.156
86,122.428,121.32
87,119.814,119.082
88,122.822,122.623
89,115.117,115.071
90,118.104,119.712
91,118.36,118.911
92,113.129,112.794
93,117.96,
94,117.862,117.624
95,116.547,118.222
96,115.07,115.328
97,119.994,118.203
98,118.043,114.032
99,122.257,121.802
100,117.365,115.602
101,119.461,119.028
102,120.758,122.334
103,114.034,118.745
104,110.037,109.353
105,122.782,122.705
106,114.108,113.557
107,115.918,115.331
108,119.88,119.865
109,114.782,113.677
110,111.036,110.193
111,118.911,119.434
112,117.671,118.114
113,119.862,117.732
114,119.827,119.984
115,116.703,117.304
116,116.335,114.361
117,115.666,114.314
118,118.28,118.337
119,118.473,118.261
120,116.466,116.973
121,120.879,119.717
122,113.754,113.642
123,125.902,126.785
124,117.198,116.829
125,114.72,113.884
126,124.836,125.576
127,125.253,123.261
128,114.21,113.55
129,121.493,120.531
130,113.62,111.291
131,114.68,113.466
132,125.652,126.29
133,114.635,113.797
134,120.126,121.269
135,120.539,120.916
136,123.351,124.204
137,114.443,112.516
138,119.449,118.91
139,123.588,
140,118.679,117.787
141,120.717,119.086
142,116.445,119.89
143,113.901,111.846
144,112.984,111.138
145,112.209,109.662
146,119.017,116.3
147,112.992,114.95
148,124.131,124.88
149,117.531,115.339
150,117.146,117.157
151,116.908,116.394
152,120.323,119.592
153,120.031,119.082
154,123.438,122.737
155,119.016,120.567
156,117.455,
157,110.002,109.401
158,119.88,120.131
159,111.082,113.568
160,114.978,113.636
161,116.256,117.375
162,119.884,121.383
163,112.492,111.909
164,116.039,115.847
165,118.162,119.3
166,117.039,115.874
167,120.278,122.204
168,119.331,120.925
169,119.12,117.977
170,114.97,114.125
171,122.383,123.914
172,124.384,124.016
173,117.224,116.546
174,117.837,
175,120.212,
176,115.136,115.255
177,121.775,
178,122.317,
179,114.87,
180,119.687,
181,118.134,
182,116.645,
183,116.804,
184,116.21,
185,119.504,
186,116.481,
187,119.463,
188,117.137,
189,116.478,
190,114.628,
191,119.338,
192,121.22,
193,120.191,
194,118.744,
195,117.426,
196,116.497,
197,119.881,
198,115.626,
199,123.002,
200,113.729,
201,120.664,
202,118.692,
203,114.93,
204,118.189,
205,120.287,
206,115.858,
207,116.887,
208,115.077,
209,114.506,
210,121.139,
211,118.064,
212,117.368,
213,113.245,
214,118.005,
215,124.661,
216,118.817,
217,115.967,
218,111.942,
219,118.532,
220,122.16,
221,116.368,
222,126.022,
223,114.256,
224,112.846,
225,114.415,
226,114.785,
227,117.472,
228,119.52,
229,119.045,
230,119.272,
231,121.583,
232,115.499,
233,118.772,
234,117.556,
235,112.374,
236,116.38,
237,122.336,
238,118.215,
239,111.59,
240,115.067,
241,118.619,
242,122.135,
243,116.775,
244,121.232,
245,115.819,
246,119.591,
247,113.863,
248,120.656,
249,118.35,
250,114.738,
251,116.894,
252,114.094,
253,117.139,
254,124.94,
255,116.581,
256,112.886,
257,116.519,
258,121.685,
259,117.933,
260,119.377,
261,114.565,
262,119.834,
263,119.253,
264,121.655,
265,117.824,
266,118.788,
267,108.221,
