sample,PC1,t_Plate,t_Inner,t_Patch4,y_pdd,y_fea
1,-3.87637,-0.278627,-0.506224,0.414961,15.8268,16.1576
2,-3.0125,0.274358,-0.25374,-0.982376,15.2187,15.2979
3,-1.85343,-0.501048,-0.695904,0.869713,16.2753,16.8277
4,-4.25069,-0.350864,-0.215442,-0.783117,15.7333,16.3496
5,3.98945,-0.497483,0.976429,-0.542624,15.2016,15.4817
6,-5.28879,0.130151,-0.744473,0.037161,15.3813,13.8488
7,5.56967,0.14896,0.306188,0.714048,14.7235,14.5959
8,0.127787,0.144186,0.80387,-0.045882,14.9362,15.2065
9,-2.69546,0.068868,-0.561812,-0.79468,15.4433,15.9997
10,5.32977,-0.548439,0.906397,0.366649,15.2044,15.0411
11,2.9427,0.372947,-0.798173,-0.730528,15.031,14.9391
12,0.53139,-0.759115,-0.138582,-0.256434,16.2057,15.6806
13,-3.2537,-0.070787,-0.457962,0.245913,15.5855,15.9247
14,2.81638,-0.559975,0.910899,-0.517317,15.427,14.9999
15,-3.23164,-0.43787,0.822889,-0.561186,15.5336,15.8937
16,-6.33766,-0.385841,-0.541793,-0.105093,15.7554,15.6637
17,2.47281,0.170114,-0.060525,-0.413589,15.0111,15.416
18,-4.493,-0.095582,-0.622329,-0.992951,15.5808,15.8403
19,-7.43328,-0.344024,-0.574162,-0.241328,15.613,14.5964
20,-0.870515,0.459272,0.009252,-0.400313,14.9931,14.9431
21,0.0599193,-0.367967,0.661341,0.162466,15.5105,15.895
22,-1.6806,-0.833016,-0.104942,-0.483648,16.3693,16.2682
23,2.29108,-0.036478,0.429086,0.730166,15.2191,15.0737
24,-0.358049,-0.005246,0.104818,0.382653,15.3667,15.9524
25,6.082,-0.799394,0.474815,0.98729,15.7518,15.8181
26,0.281951,0.481008,0.281658,0.621024,14.9967,14.8844
27,-3.22615,-0.222344,0.754297,-0.095646,15.3296,15.7779
28,-4.03488,-0.193308,0.943183,-0.037791,15.2204,14.271
29,1.80379,0.496017,-0.31515,0.518502,15.0449,15.6233
30,-4.54122,-0.815489,0.443825,0.905264,16.3545,15.877
31,-0.142241,0.088904,0.70023,-0.473435,15.0036,15.1407
32,6.32252,-0.273308,0.725081,0.825415,14.9009,14.8427
33,-0.110496,0.23944,0.684821,0.450595,14.9934,14.7339
34,-0.767282,-0.540239,-0.146864,-0.016965,15.977,15.5831
35,-1.81402,0.758793,-0.291133,0.609199,15.1034,15.1334
36,4.40844,-0.079178,0.990717,-0.374769,14.6859,14.7805
37,-1.96464,0.048293,-0.605687,-0.862285,15.4773,14.9067
38,-1.6144,-0.890682,0.919734,-0.594625,16.1349,16.3864
39,3.02009,0.63074,0.478198,0.555645,14.6521,14.4484
40,3.93077,0.298193,0.742366,0.628763,14.6647,14.2736
41,3.9646,-0.237042,0.880876,0.70557,15.0958,14.6172
42,-0.117676,0.073259,0.056053,0.568381,15.3449,15.5891
43,4.83592,0.134053,0.073315,-0.3079,14.746,15.2166
44,1.5624,0.613577,-0.235032,0.680895,15.0255,14.2395
45,-4.22994,-0.207014,-0.494802,-0.821373,15.6539,15.8789
46,-4.93753,0.118727,0.181416,-0.958338,15.1459,15.3294
47,-1.18349,-0.976911,0.508437,-0.21362,16.411,15.9612
48,3.52613,0.944451,0.782433,0.845399,14.4875,14.7084
49,1.2412,-0.410237,0.457303,0.023849,15.5448,15.6797
50,2.26572,-0.524555,0.492778,0.545953,15.691,15.5443
51,3.23366,0.737383,-0.025197,0.317105,14.6954,14.901
52,1.81547,0.816677,0.797361,0.074531,14.5006,14.4832
53,-0.333292,-0.878519,-0.432386,-0.62267,16.4993,15.9879
54,2.12577,-0.155101,0.558752,0.532745,15.2551,15.7487
55,-1.8158,-0.784308,0.392958,0.335754,16.226,16.3474
56,2.11546,0.636338,-0.190006,-0.548069,14.8067,14.5355
57,-4.89721,-0.981837,-0.33666,-0.566328,16.61,16.927
58,-5.65474,-0.200295,0.936128,-0.871371,15.146,13.7468
59,-4.49272,-0.906691,0.520784,0.194067,16.306,16.8167
60,-2.71383,0.625074,0.064293,-0.709214,14.9188,15.0455
61,0.209824,0.41161,0.120293,-0.026571,14.9719,15.3502
62,-0.934757,0.906391,0.898099,-0.647964,14.5485,15.0175
63,5.63535,0.848101,0.001193,0.490872,14.3957,14.6068
64,4.22839,0.685594,-0.783212,-0.706159,14.7364,14.7251
65,3.89583,0.225888,0.360258,0.098869,14.7402,15.195
66,-0.765691,-0.334351,-0.89213,0.394993,15.983,16.4621
67,5.06061,0.587924,-0.110189,-0.532986,14.4876,14.4882
68,-0.213805,-0.936058,-0.63758,0.673887,16.7906,16.7766
69,-0.650803,0.714412,-0.530764,0.277567,15.0895,15.0085
70,-7.38762,-0.134335,-0.937191,-0.28278,15.4803,13.9686
71,-3.42235,-0.793302,0.320554,0.796435,16.3618,16.4387
72,3.26585,0.0203,0.576885,-0.420726,14.8625,14.6867
73,7.50428,0.933011,-0.264132,0.067658,14.0765,14.3289
74,-0.119933,0.266251,0.834192,-0.312826,14.828,14.1745
75,3.63139,-0.086871,-0.520256,0.739365,15.4137,15.2823
76,1.36542,-0.771637,-0.585366,0.656106,16.4374,15.9864
77,-3.72554,0.532786,-0.400439,-0.460559,15.0688,15.2479
78,-3.84291,-0.731791,-0.380141,0.644508,16.4228,16.8226
79,-5.26171,-0.627356,0.702852,-0.659956,15.7486,16.1881
80,1.29806,0.096376,-0.992855,-0.615637,15.4014,15.2919
81,-1.3834,0.599639,-0.76966,0.030483,15.1753,15.0093
82,-7.77605,-0.989585,-0.710516,0.640326,16.651,16.1058
83,5.82797,0.670878,0.623664,-0.926281,14.1402,13.9607
84,4.83632,0.702339,0.405787,-0.14504,14.331,14.0395
85,-0.385756,-0.700356,-0.861106,0.235821,16.4031,16.1528
86,-2.56816,-0.12836,0.640396,0.891497,15.4766,14.6765
87,-2.64447,0.2518,0.43256,0.482794,15.116,14.6497
88,-5.14416,-0.808056,0.80816,0.21122,16.0316,16.6131
89,2.84221,0.318633,0.154882,0.668695,14.9616,15.0871
90,-0.586684,0.00977,0.169773,0.949891,15.489,15.7118
91,-3.20289,-0.481654,-0.221448,-0.948686,15.9333,16.0742
92,8.57453,0.8042,0.197575,0.586025,13.8654,14.2258
93,0.558947,-0.025065,-0.728722,-0.16538,15.4971,15.1515
94,1.49302,-0.332463,-0.761608,0.886915,15.9647,15.6122
95,5.43364,-0.861501,0.843362,0.488068,15.6819,15.5781
96,4.11218,-0.251003,0.840308,0.401791,15.0362,15.1334
97,-1.07491,0.889725,0.557133,-0.37878,14.6686,15.1723
98,5.40634,0.576399,-0.33134,0.912057,14.7287,14.8174
99,-3.17172,0.879455,-0.829321,0.285397,15.1367,14.9475
100,2.4702,0.333534,-0.757042,0.127463,15.1264,14.8066
101,-0.108383,0.002706,-0.049208,0.813789,15.5009,16.0996
102,-5.55318,0.562905,-0.954168,-0.602306,15.1158,15.401
103,2.70094,-0.371891,-0.44122,0.179943,15.6686,16.0574
104,6.16867,0.510039,0.819393,-0.678898,14.0768,13.9699
105,-6.27676,-0.244184,-0.295991,-0.677125,15.5211,15.8925
106,3.02646,0.362316,0.024033,0.187345,14.8558,14.9355
107,-0.470138,-0.028101,0.519087,-0.912494,15.1948,15.7784
108,-1.78415,-0.232671,-0.956024,-0.13197,15.8308,16.0163
109,5.30186,0.83222,-0.360194,0.798326,14.6268,14.6043
110,4.76312,0.305366,0.54795,-0.724973,14.4867,14.338
111,-1.97602,-0.311616,-0.388585,-0.497284,15.7611,15.9208
112,-2.02784,-0.646128,0.452751,-0.190896,15.9437,16.1172
113,-2.25191,0.112891,0.295879,0.5077,15.2693,15.1838
114,-3.87418,0.444941,-0.616122,-0.879284,15.1821,15.0192
115,0.169795,-0.598107,0.585754,0.752023,15.9448,15.75
116,1.63994,0.503553,-0.943941,-0.942556,15.1187,15.5628
117,2.22719,0.836273,0.409853,0.266523,14.6187,14.3159
118,-2.50561,0.643664,0.715714,-0.44969,14.7029,14.7702
119,-2.03416,-0.820277,0.214349,-0.226392,16.2671,16.4898
120,-1.30648,-0.603563,0.399193,-0.466237,15.884,15.4981
121,-4.36309,0.771408,-0.20733,-0.581352,14.9029,15.0129
122,2.80995,0.660718,-0.079899,0.082284,14.743,14.3716
123,-9.60857,-0.662483,-0.815763,-0.962654,15.8459,16.9004
124,2.39154,0.524969,-0.424039,0.938825,15.1276,14.3436
125,2.88781,-0.10538,-0.240099,0.931413,15.489,15.3554
126,-8.85869,-0.398958,-0.568975,-0.778935,15.5244,14.5212
127,-6.66699,0.188307,-0.681243,-0.815517,15.2071,15.8056
128,3.63056,-0.290731,0.686061,0.524182,15.2122,15.1098
129,-3.28358,0.012964,-0.134217,-0.059301,15.38,15.5559
130,4.13283,0.741577,-0.158179,-0.851836,14.5732,14.8087
131,3.266,-0.018619,-0.008891,0.103975,15.1175,15.0226
132,-6.22277,-0.556187,-0.931774,0.159997,16.1032,16.7104
133,3.8437,0.764312,-0.465271,-0.176866,14.6807,14.6246
134,-1.53146,0.314749,-0.630186,0.923771,15.491,15.3519
135,-2.8736,-0.146085,-0.306124,0.417954,15.655,15.9884
136,-4.69486,-0.762167,-0.077833,0.561251,16.3318,16.2245
137,5.27962,0.341494,0.60582,0.770997,14.5499,15.0587
138,0.319692,0.471968,-0.521735,0.775837,15.2692,15.5457
139,-6.89061,-0.717662,-0.884257,-0.557321,16.213,16.9378
140,-0.53957,0.434544,0.128217,-0.082588,14.9802,14.6916
141,-1.34444,-0.517759,0.769605,0.896158,15.8683,16.1398
142,1.72561,-0.901501,0.134889,-0.198289,16.271,16.093
143,3.89934,0.865586,0.279793,-0.749919,14.4299,13.7583
144,4.87274,0.971871,0.329199,-0.249568,14.2756,13.9065
145,7.28461,0.989746,0.539231,0.146153,13.8766,13.7372
146,-5.1341,-0.924908,0.162172,-0.296577,16.3679,17.067
147,3.04685,0.896395,0.090799,-0.07192,14.5837,13.8006
148,-6.27972,-0.073526,-0.669868,-0.173874,15.4553,15.1599
149,7.01043,0.26048,-0.168394,0.995435,14.6409,15.1675
150,-0.507681,-0.778436,0.142693,-0.02137,16.2149,15.7809
151,0.643091,0.557356,0.063074,-0.478339,14.8669,14.2042
152,-3.07514,0.176411,-0.017392,-0.800532,15.2052,14.8498
153,-1.96348,-0.94914,-0.485766,0.475187,16.7634,17.1139
154,-3.80455,0.796033,-0.844009,0.600261,15.2135,16.3887
155,2.1489,-0.417951,-0.821561,0.85799,16.0213,15.7966
156,0.602147,0.351665,0.248746,0.199383,14.979,15.4917
157,5.75655,0.547747,0.786558,-0.88166,14.1446,14.6344
158,-3.57895,-0.566456,0.892979,-0.209641,15.6746,16.1456
159,5.6727,0.789112,0.201399,-0.270816,14.2428,14.467
160,2.24928,-0.120694,-0.118934,-0.348765,15.3009,14.9775
161,-0.942015,0.929202,0.114432,-0.402478,14.795,15.1134
162,-5.42465,-0.846844,-0.97658,-0.990218,16.5562,16.6108
163,3.88059,0.653242,0.222355,0.056528,14.5429,14.6751
164,-0.955847,-0.325707,0.60166,-0.719384,15.4723,15.5373
165,-3.38397,0.059416,-0.596939,-0.906039,15.4595,15.6377
166,-0.916556,0.608384,-0.40269,-0.696792,15.0409,15.3361
167,-4.946,0.080034,-0.322915,-0.76841,15.3062,15.3302
168,-2.56714,-0.701127,0.096195,0.297401,16.1905,16.2915
169,2.17758,0.856072,-0.689254,0.955307,15.0994,13.9336
170,2.13934,0.487789,-0.647129,-0.642207,14.9967,15.2992
171,-5.29204,-0.2164,-0.344588,-0.110652,15.5812,15.2974
172,-4.52945,0.285896,-0.877712,0.373782,15.3895,16.0804
173,-1.8473,-0.709931,0.857379,-0.805585,15.898,15.6403
174,3.04401,0.380761,-0.872311,-0.051427,15.0508,15.1376
175,-1.704,-0.179921,0.038618,0.805446,15.6875,15.423
176,7.8257,-0.04893,0.983899,0.829415,14.3294,14.6817
177,-3.17914,-0.667859,-0.968723,0.854354,16.5529,16.9802
178,-3.56411,0.729549,-0.914562,0.134112,15.1667,14.4068
179,4.06467,0.159626,0.610628,0.611842,14.7875,14.6215
180,-3.16363,-0.621516,-0.792996,-0.512387,16.2431,16.6866
181,0.587984,-0.403788,0.015479,0.699473,15.8402,16.1093
182,3.87642,-0.746041,-0.177859,0.424062,16.0111,16.0934
183,1.32112,0.699348,-0.980668,0.118792,15.0859,14.9088
184,1.43392,0.235632,-0.278283,0.50451,15.2166,14.4885
185,-2.56398,-0.940498,-0.810708,-0.091057,16.7444,17.395
186,2.17123,0.82441,-0.06426,0.219537,14.7615,14.7679
187,-3.00512,0.246687,0.031664,-0.319125,15.1343,14.8965
188,-1.93926,-0.836353,-0.54757,-0.522711,16.4969,16.1806
189,-1.44854,0.415802,-0.707125,-0.434186,15.2221,15.0242
190,4.87846,0.811289,0.996133,-0.889367,14.0976,13.9048
191,-2.9033,0.914037,-0.412636,-0.327296,14.9621,14.5111
192,-2.0428,-0.580687,0.364996,0.978106,16.1158,15.6534
193,-0.947567,-0.610573,0.418179,0.71834,16.0451,15.8038
194,-3.05774,-0.671576,0.339881,0.169154,16.0491,16.3902
195,-0.418986,-0.506162,-0.851919,-0.831064,16.0928,15.6801
196,2.18592,-0.856628,0.04732,0.325047,16.2571,15.7855
197,1.31784,0.036617,-0.365807,0.463965,15.3952,15.0562
198,1.93159,-0.463999,0.667543,-0.344653,15.4652,15.5668
199,-2.97857,0.403425,-0.095409,0.459806,15.1702,15.0688
200,3.68421,0.330089,0.315722,0.730911,14.8362,14.4413
201,-4.74813,-0.915089,0.085355,-0.501342,16.3894,16.6642
202,3.48805,-0.649271,-0.169164,0.355074,15.9003,15.8443
203,3.36628,-0.356507,-0.781064,0.433236,15.7179,15.7096
204,0.753502,0.449278,0.59234,0.054773,14.785,15.2012
205,-2.67191,0.665478,-0.468784,0.442024,15.1459,14.8182
206,-2.23819,-0.871748,0.352585,-0.576999,16.2961,16.069
207,4.19594,0.924649,0.967977,-0.334391,14.1531,14.6065
208,6.36619,-0.589875,0.735365,0.973816,15.3213,15.3905
209,3.2926,0.750321,-0.653023,-0.274877,14.7866,15.0369
210,-5.29821,-0.305937,-0.374524,-0.069131,15.6898,16.2905
211,-0.723323,-0.483292,-0.039976,-0.686815,15.8505,15.2819
212,0.508365,-0.994287,0.147854,-0.6317,16.4839,15.8698
213,4.35993,0.887494,0.207017,0.260397,14.4506,14.6919
214,-1.52619,0.204521,0.752613,-0.356404,14.9355,14.8771
215,-6.77663,-0.741344,0.258503,-0.261262,15.9513,15.7774
216,-4.71909,-0.048099,-0.748021,-0.970607,15.5556,15.5131
217,1.72666,-0.633562,0.241253,-0.234655,15.8426,15.6396
218,7.06617,0.589583,0.187796,0.295561,14.1632,14.4218
219,2.2825,0.981003,0.671137,0.841026,14.6361,14.7871
220,-6.73571,-0.528671,-0.922526,-0.203289,15.9873,16.4556
221,0.952555,0.722767,-0.71551,-0.147664,15.0084,15.7589
222,-6.95987,-0.263234,-0.895537,0.012159,15.6664,15.3281
223,5.03893,0.101904,0.464146,-0.665204,14.6236,14.6405
224,3.60051,0.031525,-0.12614,-0.003281,15.0588,15.122
225,3.61316,0.685271,0.62579,0.310627,14.4713,14.4897
226,2.96346,-0.298316,-0.090405,-0.637483,15.4141,15.9282
227,-0.92672,0.220233,0.371332,-0.124361,15.0498,14.9292
228,-4.35485,-0.458979,0.267604,-0.900983,15.7261,15.9934
229,0.164631,-0.444233,-0.420196,0.139141,15.9165,15.779
230,-1.2587,-0.470181,0.345077,0.593555,15.8605,16.1247
231,-4.29157,-0.881326,-0.838482,0.340906,16.6819,16.7612
232,5.75029,0.956248,-0.349902,0.225681,14.405,14.1985
233,-1.87077,-0.166254,0.929533,0.36268,15.2828,15.1612
234,2.54186,0.42888,-0.671251,0.329451,15.0747,15.2899
235,2.34722,0.863169,0.231775,-0.921067,14.6118,13.9308
236,0.578729,-0.378386,-0.194229,-0.123283,15.726,15.9547
237,-3.00478,-0.692704,0.534511,0.692302,16.1262,16.212
238,3.59336,-0.576781,0.949368,-0.765611,15.3655,15.1416
239,1.0503,-0.448447,0.864795,-0.842329,15.4509,15.1832
240,3.21489,0.540241,-0.202799,-0.366924,14.7545,15.2223
241,0.256024,0.289626,-0.552434,0.879293,15.4197,15.1838
242,-1.0667,0.461922,-0.267848,0.946505,15.307,15.9468
243,-0.277359,-0.961437,-0.451246,0.251063,16.6949,16.8725
244,-1.0869,0.388344,0.502352,0.386473,14.9736,14.3383
245,2.77046,-0.677929,-0.043426,-0.009906,15.9208,15.4029
246,-1.12142,-0.966121,-0.905431,0.109771,16.8194,16.158
247,3.56619,-0.140771,-0.244274,-0.291765,15.2328,15.3033
248,-6.25564,-0.189835,-0.285665,-0.756588,15.4665,15.9088
249,3.11981,0.39486,-0.733338,0.789213,15.1641,15.0049
250,4.16578,0.051994,0.483774,-0.739933,14.7722,14.7353
251,0.0202104,0.363466,-0.499055,0.003868,15.1854,15.6585
252,4.9979,0.168124,0.712475,0.969676,14.7338,15.0501
253,0.128872,0.778003,0.872128,0.236003,14.6103,15.6101
254,-7.84021,-0.17115,-0.594569,-0.424326,15.3845,13.7726
255,1.60022,0.517584,0.303332,-0.444403,14.7538,15.3745
256,3.41181,0.212428,0.646196,-0.936991,14.692,14.5193
257,1.92842,-0.929437,0.87517,-0.15417,16.065,16.2206
258,-4.35327,-0.722949,0.567851,0.573628,16.0943,16.3535
259,-2.03293,-0.110614,-0.98885,-0.389569,15.7023,16.2887
260,-0.233054,0.996774,-0.030234,0.762243,14.9815,15.1232
261,1.87566,0.969143,0.763779,-0.845556,14.4523,13.756
262,-0.289391,-0.282376,-0.658898,0.046767,15.7964,15.4151
263,-1.42964,0.195356,0.257287,-0.605836,15.0991,15.2451
264,-2.88391,-0.429222,-0.476726,0.753771,16.0948,16.5989
265,3.70464,-0.056299,0.651592,0.543063,14.9812,14.8515
266,0.296325,0.949193,0.382791,0.650911,14.8114,15.0324
267,6.60995,0.5728,0.959374,0.086568,13.9634,13.9462
