F0_kN,status,control_disp,sec,z_mm,plate_intrusion,plate_distortion,outer_intrusion,d_crush
105.300,stable,2.630,0,0.000,0.000,0.000,0.000,0.000
105.300,stable,2.630,1,65.730,0.211,0.085,0.134,-0.418
105.300,stable,2.630,2,131.460,0.398,0.162,0.891,-0.070
105.300,stable,2.630,3,197.190,0.745,0.262,1.475,0.303
105.300,stable,2.630,4,262.930,1.073,0.338,1.792,0.688
105.300,stable,2.630,5,328.660,1.346,0.428,2.037,1.081
105.300,stable,2.630,6,394.390,1.558,0.500,2.477,1.398
105.300,stable,2.630,7,460.120,1.689,0.540,2.596,1.446
105.300,stable,2.630,8,525.850,1.709,0.526,2.653,1.448
105.300,stable,2.630,9,591.580,1.612,0.478,2.460,1.334
105.300,stable,2.630,10,657.310,1.395,0.414,2.087,1.145
105.300,stable,2.630,11,723.040,1.068,0.312,1.514,0.871
105.300,stable,2.630,12,788.780,0.676,0.213,0.871,0.529
105.300,stable,2.630,13,854.510,0.300,0.124,0.328,0.236
105.300,stable,2.630,14,920.240,0.000,0.000,0.000,0.000
210.600,stable,5.387,0,0.000,0.000,0.000,0.000,0.000
210.600,stable,5.387,1,65.730,0.419,0.170,0.259,-0.844
210.600,stable,5.387,2,131.460,0.783,0.315,1.756,-0.117
210.600,stable,5.387,3,197.190,1.479,0.513,2.980,0.637
210.600,stable,5.387,4,262.930,2.137,0.675,3.642,1.423
210.600,stable,5.387,5,328.660,2.687,0.863,4.130,2.240
210.600,stable,5.387,6,394.390,3.114,1.011,5.085,2.935
210.600,stable,5.387,7,460.120,3.372,1.089,5.307,3.029
210.600,stable,5.387,8,525.850,3.410,1.062,5.441,3.050
210.600,stable,5.387,9,591.580,3.218,0.969,5.038,2.808
210.600,stable,5.387,10,657.310,2.792,0.848,4.274,2.384
210.600,stable,5.387,11,723.040,2.144,0.646,3.074,1.803
210.600,stable,5.387,12,788.780,1.364,0.448,1.773,1.100
210.600,stable,5.387,13,854.510,0.613,0.262,0.667,0.508
210.600,stable,5.387,14,920.240,0.000,0.000,0.000,0.000
315.900,stable,8.852,0,0.000,0.000,0.000,0.000,0.000
315.900,stable,8.852,1,65.730,0.636,0.264,0.368,-1.339
315.900,stable,8.852,2,131.460,1.157,0.480,2.742,-0.115
315.900,stable,8.852,3,197.190,2.250,0.808,4.842,1.160
315.900,stable,8.852,4,262.930,3.282,1.133,6.006,2.507
315.900,stable,8.852,5,328.660,4.115,1.474,6.755,3.912
315.900,stable,8.852,6,394.390,4.774,1.731,8.283,5.182
315.900,stable,8.852,7,460.120,5.142,1.846,8.633,5.383
315.900,stable,8.852,8,525.850,5.192,1.803,8.929,5.500
315.900,stable,8.852,9,591.580,4.933,1.677,8.307,5.102
315.900,stable,8.852,10,657.310,4.355,1.523,7.125,4.310
315.900,stable,8.852,11,723.040,3.413,1.206,5.161,3.302
315.900,stable,8.852,12,788.780,2.250,0.861,3.050,2.090
315.900,stable,8.852,13,854.510,1.025,0.475,1.243,1.079
315.900,stable,8.852,14,920.240,0.000,0.000,0.000,0.000
421.300,snap_through,39.036,0,0.000,0.000,0.000,0.000,0.000
421.300,snap_through,39.036,1,65.730,0.879,0.466,0.421,-2.490
421.300,snap_through,39.036,2,131.460,1.760,0.488,3.134,-0.600
421.300,snap_through,39.036,3,197.190,3.508,0.902,8.542,1.516
421.300,snap_through,39.036,4,262.930,5.234,1.821,13.572,4.447
421.300,snap_through,39.036,5,328.660,6.813,2.812,21.068,11.092
421.300,snap_through,39.036,6,394.390,8.288,4.109,32.850,20.120
421.300,snap_through,39.036,7,460.120,9.520,5.233,40.400,25.735
421.300,snap_through,39.036,8,525.850,10.039,6.037,41.125,25.392
421.300,snap_through,39.036,9,591.580,9.681,5.697,37.245,20.774
421.300,snap_through,39.036,10,657.310,8.533,3.871,26.380,12.128
421.300,snap_through,39.036,11,723.040,6.843,2.667,17.748,7.468
421.300,snap_through,39.036,12,788.780,4.766,1.975,9.833,4.672
421.300,snap_through,39.036,13,854.510,2.371,1.034,4.046,2.558
421.300,snap_through,39.036,14,920.240,0.000,0.000,0.000,0.000
526.600,snap_through,49.408,0,0.000,0.000,0.000,0.000,0.000
526.600,snap_through,49.408,1,65.730,1.238,0.671,0.687,-3.122
526.600,snap_through,49.408,2,131.460,2.854,0.868,3.839,-0.233
526.600,snap_through,49.408,3,197.190,5.755,1.056,10.010,2.437
526.600,snap_through,49.408,4,262.930,8.854,2.025,16.298,6.044
526.600,snap_through,49.408,5,328.660,11.436,2.817,29.051,15.287
526.600,snap_through,49.408,6,394.390,13.569,4.289,42.828,25.028
526.600,snap_through,49.408,7,460.120,15.046,5.615,50.720,29.822
526.600,snap_through,49.408,8,525.850,15.655,6.647,50.000,28.356
526.600,snap_through,49.408,9,591.580,15.091,6.490,45.579,24.774
526.600,snap_through,49.408,10,657.310,13.464,4.690,38.267,20.529
526.600,snap_through,49.408,11,723.040,11.103,2.532,24.660,11.188
526.600,snap_through,49.408,12,788.780,8.082,2.031,13.654,5.008
526.600,snap_through,49.408,13,854.510,4.498,1.199,5.891,2.960
526.600,snap_through,49.408,14,920.240,0.000,0.000,0.000,0.000
631.900,snap_through,65.750,0,0.000,0.000,0.000,0.000,0.000
631.900,snap_through,65.750,1,65.730,1.516,0.774,1.394,-3.473
631.900,snap_through,65.750,2,131.460,5.227,2.218,6.463,1.560
631.900,snap_through,65.750,3,197.190,11.787,2.598,17.520,6.515
631.900,snap_through,65.750,4,262.930,18.245,3.488,27.872,11.976
631.900,snap_through,65.750,5,328.660,23.722,4.368,42.519,21.491
631.900,snap_through,65.750,6,394.390,27.485,4.894,57.784,30.066
631.900,snap_through,65.750,7,460.120,29.832,5.974,65.443,32.761
631.900,snap_through,65.750,8,525.850,30.767,7.450,66.173,30.942
631.900,snap_through,65.750,9,591.580,29.294,7.543,61.515,27.198
631.900,snap_through,65.750,10,657.310,25.639,5.950,51.818,23.138
631.900,snap_through,65.750,11,723.040,20.952,3.295,35.336,13.564
631.900,snap_through,65.750,12,788.780,15.365,2.277,20.222,6.487
631.900,snap_through,65.750,13,854.510,8.664,1.621,9.582,3.881
631.900,snap_through,65.750,14,920.240,0.000,0.000,0.000,0.000
