control_disp_mm,force_kN,plate_intrusion_max_mm
0.000,0.000,0.000
2.000,80.613,1.309
4.000,159.076,2.581
6.000,233.428,3.777
8.000,296.040,4.796
10.000,342.736,5.726
12.000,373.322,6.548
13.000,376.948,6.715
14.000,372.482,6.814
16.000,361.853,6.775
18.000,340.833,6.573
19.000,324.807,6.393
20.000,302.416,6.106
21.000,271.157,5.714
21.250,267.833,5.714
23.250,273.957,6.051
25.250,286.154,6.448
27.250,301.173,6.873
29.250,279.456,6.638
30.250,287.024,6.798
32.250,319.107,7.304
34.250,352.671,7.895
36.250,384.247,8.757
38.250,411.671,9.679
39.250,423.857,10.137
39.750,399.482,9.653
41.750,429.150,10.312
43.750,453.806,11.300
45.750,480.055,12.636
47.750,506.276,14.179
49.750,530.755,15.960
51.750,549.763,17.716
53.750,565.853,19.521
55.750,579.660,21.435
57.750,591.862,23.375
59.750,603.119,25.319
61.750,611.765,27.026
63.750,620.330,28.737
65.750,631.882,30.767
