part,lev,z0_mm,z1_mm,max_incl_deg,max_strip_scale
Outer,0,0.000,16.433,65.701,2.430
Outer,1,16.433,32.866,65.701,2.430
Outer,2,32.866,49.298,65.701,2.430
Outer,3,49.298,65.731,65.701,2.430
Outer,4,65.731,82.164,42.213,1.350
Outer,5,82.164,98.597,40.774,1.320
Outer,6,98.597,115.030,39.120,1.289
Outer,7,115.030,131.463,37.229,1.256
Outer,8,131.463,147.895,35.568,1.229
Outer,9,147.895,164.328,34.100,1.208
Outer,10,164.328,180.761,32.285,1.183
Outer,11,180.761,197.194,30.087,1.156
Outer,12,197.194,213.627,28.235,1.135
Outer,13,213.627,230.059,26.719,1.120
Outer,14,230.059,246.492,24.733,1.101
Outer,15,246.492,262.925,22.237,1.080
Outer,16,262.925,279.358,20.323,1.066
Outer,17,279.358,295.791,18.911,1.057
Outer,18,295.791,312.223,16.798,1.045
Outer,19,312.223,328.656,13.944,1.030
Outer,20,328.656,345.089,11.503,1.020
Outer,21,345.089,361.522,10.061,1.016
Outer,22,361.522,377.955,8.733,1.012
Outer,23,377.955,394.388,7.526,1.009
Outer,24,394.388,410.820,6.373,1.006
Outer,25,410.820,427.253,5.532,1.005
Outer,26,427.253,443.686,5.184,1.004
Outer,27,443.686,460.119,5.316,1.004
Outer,28,460.119,476.552,5.903,1.005
Outer,29,476.552,492.984,6.658,1.007
Outer,30,492.984,509.417,6.863,1.007
Outer,31,509.417,525.850,6.494,1.006
Outer,32,525.850,542.283,6.079,1.006
Outer,33,542.283,558.716,5.949,1.005
Outer,34,558.716,575.148,5.763,1.005
Outer,35,575.148,591.581,5.531,1.005
Outer,36,591.581,608.014,5.543,1.005
Outer,37,608.014,624.447,5.553,1.005
Outer,38,624.447,640.880,5.544,1.005
Outer,39,640.880,657.312,5.518,1.005
Outer,40,657.312,673.745,6.399,1.006
Outer,41,673.745,690.178,7.243,1.008
Outer,42,690.178,706.611,7.136,1.008
Outer,43,706.611,723.044,6.090,1.006
Outer,44,723.044,739.477,5.493,1.005
Outer,45,739.477,755.909,5.506,1.005
Outer,46,755.909,772.342,5.506,1.005
Outer,47,772.342,788.775,5.494,1.005
Outer,48,788.775,805.208,5.479,1.005
Outer,49,805.208,821.641,5.471,1.005
Outer,50,821.641,838.073,5.465,1.005
Outer,51,838.073,854.506,5.461,1.005
Outer,52,854.506,870.939,5.456,1.005
Outer,53,870.939,887.372,5.452,1.005
Outer,54,887.372,903.805,5.447,1.005
Outer,55,903.805,920.238,5.442,1.005
Plate,0,0.000,16.433,65.701,2.430
Plate,1,16.433,32.866,65.701,2.430
Plate,2,32.866,49.298,65.701,2.430
Plate,3,49.298,65.731,65.701,2.430
Plate,4,65.731,82.164,42.213,1.350
Plate,5,82.164,98.597,40.774,1.320
Plate,6,98.597,115.030,39.120,1.289
Plate,7,115.030,131.463,37.229,1.256
Plate,8,131.463,147.895,35.568,1.229
Plate,9,147.895,164.328,34.100,1.208
Plate,10,164.328,180.761,32.285,1.183
Plate,11,180.761,197.194,30.087,1.156
Plate,12,197.194,213.627,28.235,1.135
Plate,13,213.627,230.059,26.719,1.120
Plate,14,230.059,246.492,24.733,1.101
Plate,15,246.492,262.925,22.237,1.080
Plate,16,262.925,279.358,20.323,1.066
Plate,17,279.358,295.791,18.911,1.057
Plate,18,295.791,312.223,16.798,1.045
Plate,19,312.223,328.656,13.944,1.030
Plate,20,328.656,345.089,11.503,1.020
Plate,21,345.089,361.522,10.061,1.016
Plate,22,361.522,377.955,8.733,1.012
Plate,23,377.955,394.388,7.526,1.009
Plate,24,394.388,410.820,6.373,1.006
Plate,25,410.820,427.253,5.532,1.005
Plate,26,427.253,443.686,5.184,1.004
Plate,27,443.686,460.119,5.316,1.004
Plate,28,460.119,476.552,5.526,1.005
Plate,29,476.552,492.984,5.499,1.005
Plate,30,492.984,509.417,5.491,1.005
Plate,31,509.417,525.850,5.502,1.005
Plate,32,525.850,542.283,5.517,1.005
Plate,33,542.283,558.716,5.523,1.005
Plate,34,558.716,575.148,5.527,1.005
Plate,35,575.148,591.581,5.531,1.005
Plate,36,591.581,608.014,5.543,1.005
Plate,37,608.014,624.447,5.553,1.005
Plate,38,624.447,640.880,5.544,1.005
Plate,39,640.880,657.312,5.518,1.005
Plate,40,657.312,673.745,5.482,1.005
Plate,41,673.745,690.178,5.460,1.005
Plate,42,690.178,706.611,5.456,1.005
Plate,43,706.611,723.044,5.470,1.005
Plate,44,723.044,739.477,5.493,1.005
Plate,45,739.477,755.909,5.506,1.005
Plate,46,755.909,772.342,5.506,1.005
Plate,47,772.342,788.775,5.494,1.005
Plate,48,788.775,805.208,5.479,1.005
Plate,49,805.208,821.641,5.471,1.005
Plate,50,821.641,838.073,5.465,1.005
Plate,51,838.073,854.506,5.461,1.005
Plate,52,854.506,870.939,5.456,1.005
Plate,53,870.939,887.372,5.452,1.005
Plate,54,887.372,903.805,5.447,1.005
Plate,55,903.805,920.238,5.442,1.005
Inner,0,0.000,16.433,55.187,1.752
Inner,1,16.433,32.866,55.187,1.752
Inner,2,32.866,49.298,55.187,1.752
Inner,3,49.298,65.731,55.187,1.752
Inner,4,65.731,82.164,33.541,1.200
Inner,5,82.164,98.597,32.223,1.182
Inner,6,98.597,115.030,30.737,1.163
Inner,7,115.030,131.463,29.071,1.144
Inner,8,131.463,147.895,27.631,1.129
Inner,9,147.895,164.328,26.383,1.116
Inner,10,164.328,180.761,24.860,1.102
Inner,11,180.761,197.194,23.038,1.087
Inner,12,197.194,213.627,21.523,1.075
Inner,13,213.627,230.059,20.297,1.066
Inner,14,230.059,246.492,18.718,1.056
Inner,15,246.492,262.925,16.770,1.044
Inner,16,262.925,279.358,15.285,1.037
Inner,17,279.358,295.791,14.192,1.031
Inner,18,295.791,312.223,12.589,1.025
Inner,19,312.223,328.656,10.460,1.017
Inner,20,328.656,345.089,8.630,1.011
Inner,21,345.089,361.522,7.531,1.009
Inner,22,361.522,377.955,6.539,1.007
Inner,23,377.955,394.388,5.651,1.005
Inner,24,394.388,410.820,4.804,1.004
Inner,25,410.820,427.253,4.201,1.003
Inner,26,427.253,443.686,3.913,1.002
Inner,27,443.686,460.119,3.957,1.002
Inner,28,460.119,476.552,4.145,1.003
Inner,29,476.552,492.984,4.163,1.003
Inner,30,492.984,509.417,4.163,1.003
Inner,31,509.417,525.850,4.145,1.003
Inner,32,525.850,542.283,4.141,1.003
Inner,33,542.283,558.716,4.145,1.003
Inner,34,558.716,575.148,4.150,1.003
Inner,35,575.148,591.581,4.154,1.003
Inner,36,591.581,608.014,4.203,1.003
Inner,37,608.014,624.447,4.293,1.003
Inner,38,624.447,640.880,4.271,1.003
Inner,39,640.880,657.312,4.166,1.003
Inner,40,657.312,673.745,4.155,1.003
Inner,41,673.745,690.178,4.297,1.003
Inner,42,690.178,706.611,4.369,1.003
Inner,43,706.611,723.044,4.193,1.003
Inner,44,723.044,739.477,4.164,1.003
Inner,45,739.477,755.909,4.260,1.003
Inner,46,755.909,772.342,4.281,1.003
Inner,47,772.342,788.775,4.201,1.003
Inner,48,788.775,805.208,4.155,1.003
Inner,49,805.208,821.641,4.151,1.003
Inner,50,821.641,838.073,4.146,1.003
Inner,51,838.073,854.506,4.142,1.003
Inner,52,854.506,870.939,4.141,1.003
Inner,53,870.939,887.372,4.141,1.003
Inner,54,887.372,903.805,4.141,1.003
Inner,55,903.805,920.238,4.164,1.003
Patch1,2,32.866,49.298,46.596,1.455
Patch1,3,49.298,65.731,46.596,1.455
Patch1,4,65.731,82.164,28.418,1.137
Patch1,5,82.164,98.597,27.231,1.125
Patch1,34,558.716,575.148,3.613,1.002
Patch1,35,575.148,591.581,3.618,1.002
Patch1,36,591.581,608.014,3.674,1.002
Patch1,37,608.014,624.447,3.776,1.002
Patch1,42,690.178,706.611,3.680,1.002
Patch1,43,706.611,723.044,3.618,1.002
Patch1,44,723.044,739.477,3.635,1.002
Patch1,45,739.477,755.909,3.751,1.002
Patch1,46,755.909,772.342,3.777,1.002
Patch1,47,772.342,788.775,3.680,1.002
Patch1,48,788.775,805.208,3.623,1.002
Patch1,49,805.208,821.641,3.618,1.002
Patch1,50,821.641,838.073,3.611,1.002
Patch1,51,838.073,854.506,3.605,1.002
Patch1,52,854.506,870.939,3.602,1.002
Patch1,53,870.939,887.372,3.602,1.002
Patch2,0,0.000,16.433,55.187,1.752
Patch2,1,16.433,32.866,55.187,1.752
Patch2,2,32.866,49.298,55.187,1.752
Patch2,3,49.298,65.731,55.187,1.752
Patch2,4,65.731,82.164,33.541,1.200
Patch2,5,82.164,98.597,32.223,1.182
Patch2,6,98.597,115.030,30.737,1.163
Patch2,7,115.030,131.463,29.071,1.144
Patch2,8,131.463,147.895,27.631,1.129
Patch2,9,147.895,164.328,26.383,1.116
Patch2,10,164.328,180.761,24.860,1.102
Patch2,11,180.761,197.194,23.038,1.087
Patch2,12,197.194,213.627,21.523,1.075
Patch2,13,213.627,230.059,20.297,1.066
Patch2,14,230.059,246.492,18.718,1.056
Patch2,15,246.492,262.925,16.770,1.044
Patch2,16,262.925,279.358,15.285,1.037
Patch2,17,279.358,295.791,14.192,1.031
Patch2,18,295.791,312.223,12.589,1.025
Patch2,19,312.223,328.656,10.460,1.017
Patch2,20,328.656,345.089,8.630,1.011
Patch2,21,345.089,361.522,7.531,1.009
Patch2,22,361.522,377.955,6.539,1.007
Patch2,23,377.955,394.388,5.651,1.005
Patch2,24,394.388,410.820,4.804,1.004
Patch2,25,410.820,427.253,4.201,1.003
Patch2,26,427.253,443.686,3.913,1.002
Patch2,27,443.686,460.119,3.957,1.002
Patch2,28,460.119,476.552,4.145,1.003
Patch2,29,476.552,492.984,4.163,1.003
Patch2,30,492.984,509.417,4.163,1.003
Patch2,31,509.417,525.850,4.145,1.003
Patch2,32,525.850,542.283,4.141,1.003
Patch2,33,542.283,558.716,4.145,1.003
Patch2,34,558.716,575.148,4.150,1.003
Patch2,35,575.148,591.581,4.154,1.003
Patch2,36,591.581,608.014,4.203,1.003
Patch2,37,608.014,624.447,4.293,1.003
Patch2,38,624.447,640.880,4.271,1.003
Patch2,39,640.880,657.312,4.166,1.003
Patch2,40,657.312,673.745,4.155,1.003
Patch2,41,673.745,690.178,4.208,1.003
Patch2,42,690.178,706.611,4.208,1.003
Patch2,43,706.611,723.044,4.155,1.003
Patch2,44,723.044,739.477,4.164,1.003
Patch2,45,739.477,755.909,4.260,1.003
Patch2,46,755.909,772.342,4.281,1.003
Patch2,47,772.342,788.775,4.201,1.003
Patch2,48,788.775,805.208,4.155,1.003
Patch2,49,805.208,821.641,4.151,1.003
Patch2,50,821.641,838.073,4.146,1.003
Patch2,51,838.073,854.506,4.142,1.003
Patch2,52,854.506,870.939,4.141,1.003
Patch2,53,870.939,887.372,4.141,1.003
Patch2,54,887.372,903.805,4.141,1.003
Patch2,55,903.805,920.238,4.141,1.003
Patch3,0,0.000,16.433,35.762,1.232
Patch3,1,16.433,32.866,35.762,1.232
Patch3,2,32.866,49.298,35.762,1.232
Patch3,3,49.298,65.731,35.762,1.232
Patch3,4,65.731,82.164,3.238,1.002
Patch3,5,82.164,98.597,3.048,1.001
Patch3,6,98.597,115.030,2.894,1.001
Patch3,7,115.030,131.463,2.769,1.001
Patch3,8,131.463,147.895,2.704,1.001
Patch3,9,147.895,164.328,2.751,1.001
Patch3,10,164.328,180.761,2.718,1.001
Patch3,11,180.761,197.194,2.540,1.001
Patch3,12,197.194,213.627,2.391,1.001
Patch3,13,213.627,230.059,2.309,1.001
Patch3,14,230.059,246.492,2.199,1.001
Patch3,15,246.492,262.925,2.081,1.001
Patch3,16,262.925,279.358,1.997,1.001
Patch3,17,279.358,295.791,1.932,1.001
Patch3,18,295.791,312.223,1.855,1.001
Patch3,19,312.223,328.656,1.765,1.000
Patch3,20,328.656,345.089,1.677,1.000
Patch3,21,345.089,361.522,1.618,1.000
Patch3,22,361.522,377.955,1.585,1.000
Patch3,23,377.955,394.388,1.567,1.000
Patch3,24,394.388,410.820,1.641,1.000
Patch3,25,410.820,427.253,1.771,1.000
Patch3,26,427.253,443.686,1.701,1.000
Patch3,27,443.686,460.119,1.486,1.000
Patch3,28,460.119,476.552,1.456,1.000
Patch3,29,476.552,492.984,1.506,1.000
Patch3,30,492.984,509.417,1.506,1.000
Patch3,31,509.417,525.850,1.456,1.000
Patch3,32,525.850,542.283,1.444,1.000
Patch3,33,542.283,558.716,1.455,1.000
Patch3,34,558.716,575.148,1.470,1.000
Patch3,35,575.148,591.581,1.481,1.000
Patch3,36,591.581,608.014,1.613,1.000
Patch3,37,608.014,624.447,1.836,1.001
Patch3,38,624.447,640.880,1.783,1.000
Patch3,39,640.880,657.312,1.514,1.000
Patch3,40,657.312,673.745,1.482,1.000
Patch3,41,673.745,690.178,1.627,1.000
Patch3,42,690.178,706.611,1.627,1.000
Patch3,43,706.611,723.044,1.482,1.000
Patch3,44,723.044,739.477,1.508,1.000
Patch3,45,739.477,755.909,1.756,1.000
Patch3,46,755.909,772.342,1.809,1.000
Patch3,47,772.342,788.775,1.608,1.000
Patch3,48,788.775,805.208,1.482,1.000
Patch3,49,805.208,821.641,1.471,1.000
Patch3,50,821.641,838.073,1.457,1.000
Patch3,51,838.073,854.506,1.446,1.000
Patch3,52,854.506,870.939,1.443,1.000
Patch3,53,870.939,887.372,1.443,1.000
Patch3,54,887.372,903.805,1.443,1.000
Patch3,55,903.805,920.238,1.442,1.000
Patch4,0,0.000,16.433,52.125,1.629
Patch4,1,16.433,32.866,52.125,1.629
Patch4,2,32.866,49.298,52.125,1.629
Patch4,3,49.298,65.731,52.125,1.629
Patch4,4,65.731,82.164,29.712,1.151
Patch4,5,82.164,98.597,28.526,1.138
Patch4,6,98.597,115.030,27.197,1.124
Patch4,7,115.030,131.463,25.718,1.110
Patch4,8,131.463,147.895,24.925,1.103
Patch4,9,147.895,164.328,23.879,1.094
Patch4,18,295.791,312.223,12.277,1.023
Patch4,19,312.223,328.656,10.309,1.016
Patch4,20,328.656,345.089,8.544,1.011
Patch4,21,345.089,361.522,7.551,1.009
Patch4,22,361.522,377.955,6.651,1.007
Patch4,23,377.955,394.388,5.840,1.005
Patch4,24,394.388,410.820,4.998,1.004
Patch4,25,410.820,427.253,4.394,1.003
Patch4,26,427.253,443.686,4.184,1.003
Patch4,27,443.686,460.119,4.428,1.003
Patch4,28,460.119,476.552,5.464,1.005
Patch4,29,476.552,492.984,6.245,1.006
Patch4,30,492.984,509.417,6.430,1.006
Patch4,31,509.417,525.850,5.997,1.006
Patch4,32,525.850,542.283,5.481,1.005
Patch4,33,542.283,558.716,5.275,1.004
Patch4,34,558.716,575.148,5.071,1.004
Patch4,35,575.148,591.581,4.993,1.004
Patch4,36,591.581,608.014,4.942,1.004
Patch4,37,608.014,624.447,5.179,1.004
Patch4,38,624.447,640.880,5.274,1.004
Patch4,39,640.880,657.312,5.219,1.004
Patch4,40,657.312,673.745,6.068,1.006
Patch4,41,673.745,690.178,6.980,1.007
Patch4,42,690.178,706.611,6.940,1.007
Patch4,43,706.611,723.044,5.953,1.005
Patch4,44,723.044,739.477,5.362,1.004
Patch4,45,739.477,755.909,5.553,1.005
Patch4,46,755.909,772.342,5.498,1.005
Patch4,47,772.342,788.775,5.107,1.004
Patch4,48,788.775,805.208,5.048,1.004
Patch4,49,805.208,821.641,5.416,1.004
Patch4,50,821.641,838.073,5.569,1.005
Patch4,51,838.073,854.506,5.499,1.005
Patch4,52,854.506,870.939,5.396,1.004
Patch4,53,870.939,887.372,5.573,1.005
Patch4,54,887.372,903.805,5.929,1.005
Patch4,55,903.805,920.238,6.170,1.006
