E_kJ,sec,plate_intrusion_mm,plate_distortion_mm,outer_intrusion_mm,d_crush_mm,max_sec,F_kN,status,control_disp_mm
10.0000,0,0.0000,0.0000,0.0000,0.0000,,542.0479,stable,28.9294
10.0000,1,0.5097,1.1982,0.4464,-1.0221,,542.0479,stable,28.9294
10.0000,2,2.6562,1.2627,6.2455,2.7525,,542.0479,stable,28.9294
10.0000,3,4.2100,3.4453,17.1206,6.1575,,542.0479,stable,28.9294
10.0000,4,6.5434,5.7565,23.6123,11.2029,,542.0479,stable,28.9294
10.0000,5,8.7829,8.4913,27.8119,15.6484,,542.0479,stable,28.9294
10.0000,6,10.6422,11.4292,31.6349,19.5341,,542.0479,stable,28.9294
10.0000,7,11.3921,13.8165,34.8067,22.8582,,542.0479,stable,28.9294
10.0000,8,11.5768,13.7930,34.5025,23.4580,,542.0479,stable,28.9294
10.0000,9,11.3767,11.2077,31.5533,20.6361,,542.0479,stable,28.9294
10.0000,10,10.6169,7.9481,26.9815,17.6741,,542.0479,stable,28.9294
10.0000,11,9.0998,4.5549,20.9376,13.8800,,542.0479,stable,28.9294
10.0000,12,6.9763,3.3553,13.8031,9.5777,,542.0479,stable,28.9294
10.0000,13,3.8302,2.2333,6.4193,5.1026,,542.0479,stable,28.9294
10.0000,14,0.0000,0.0000,0.0000,0.0000,,542.0479,stable,28.9294
10.0000,max,11.5768,13.8165,34.8067,23.4580,8,542.0479,stable,28.9294
15.0000,0,0.0000,0.0000,0.0000,0.0000,,591.9375,stable,40.7387
15.0000,1,0.5055,1.2812,0.4824,-1.4961,,591.9375,stable,40.7387
15.0000,2,3.2549,1.2043,7.0104,3.1831,,591.9375,stable,40.7387
15.0000,3,5.0864,3.4928,20.1794,8.1065,,591.9375,stable,40.7387
15.0000,4,8.2002,6.1720,29.1887,15.2115,,591.9375,stable,40.7387
15.0000,5,11.3204,9.6966,35.3681,21.5270,,591.9375,stable,40.7387
15.0000,6,14.1845,13.8128,40.9644,27.1916,,591.9375,stable,40.7387
15.0000,7,15.4939,17.7265,45.4456,32.0989,,591.9375,stable,40.7387
15.0000,8,16.1368,17.8297,45.2920,33.3508,,591.9375,stable,40.7387
15.0000,9,15.9282,14.0716,40.8042,29.0586,,591.9375,stable,40.7387
15.0000,10,14.7380,9.7311,34.5599,24.7705,,591.9375,stable,40.7387
15.0000,11,12.5625,5.5065,26.7891,19.4091,,591.9375,stable,40.7387
15.0000,12,9.5566,4.8308,17.8750,13.3530,,591.9375,stable,40.7387
15.0000,13,5.0831,3.1376,8.5327,7.0673,,591.9375,stable,40.7387
15.0000,14,0.0000,0.0000,0.0000,0.0000,,591.9375,stable,40.7387
15.0000,max,16.1368,17.8297,45.4456,33.3508,8,591.9375,stable,40.7387
20.0000,0,0.0000,0.0000,0.0000,0.0000,,658.7710,snap_through,49.1226
20.0000,1,0.6106,1.4628,0.6106,-1.4275,,658.7710,snap_through,49.1226
20.0000,2,3.9038,1.2891,8.1446,3.9032,,658.7710,snap_through,49.1226
20.0000,3,6.3936,3.3426,23.1900,10.1444,,658.7710,snap_through,49.1226
20.0000,4,10.5158,6.2172,33.9229,18.8663,,658.7710,snap_through,49.1226
20.0000,5,14.7857,10.1332,41.4791,26.4045,,658.7710,snap_through,49.1226
20.0000,6,19.0210,14.7458,48.1385,32.7241,,658.7710,snap_through,49.1226
20.0000,7,21.2436,19.3132,53.2327,37.4376,,658.7710,snap_through,49.1226
20.0000,8,22.3710,19.5411,52.9997,37.9675,,658.7710,snap_through,49.1226
20.0000,9,21.9910,15.4437,48.0552,34.3272,,658.7710,snap_through,49.1226
20.0000,10,20.0766,10.6370,41.1669,29.7811,,658.7710,snap_through,49.1226
20.0000,11,16.9444,6.7329,33.5107,23.5404,,658.7710,snap_through,49.1226
20.0000,12,12.6406,6.0532,22.7263,16.1801,,658.7710,snap_through,49.1226
20.0000,13,6.5750,3.8791,10.9553,8.5319,,658.7710,snap_through,49.1226
20.0000,14,0.0000,0.0000,0.0000,0.0000,,658.7710,snap_through,49.1226
20.0000,max,22.3710,19.5411,53.2327,37.9675,8,658.7710,snap_through,49.1226
25.0000,0,0.0000,0.0000,0.0000,0.0000,,725.3282,snap_through,56.2740
25.0000,1,0.7319,1.7468,0.7319,-1.1302,,725.3282,snap_through,56.2740
25.0000,2,4.5627,1.5098,9.0650,4.5868,,725.3282,snap_through,56.2740
25.0000,3,8.1031,2.9828,25.6893,11.7249,,725.3282,snap_through,56.2740
25.0000,4,13.3493,5.9845,37.6387,21.5205,,725.3282,snap_through,56.2740
25.0000,5,18.9245,10.0748,46.3301,29.5527,,725.3282,snap_through,56.2740
25.0000,6,24.5576,14.9274,53.8177,35.6537,,725.3282,snap_through,56.2740
25.0000,7,27.9702,19.6279,59.3941,39.3833,,725.3282,snap_through,56.2740
25.0000,8,29.7812,19.7993,59.2729,38.9710,,725.3282,snap_through,56.2740
25.0000,9,29.0976,15.7201,55.4725,36.4274,,725.3282,snap_through,56.2740
25.0000,10,26.0611,10.9391,49.6645,32.3228,,725.3282,snap_through,56.2740
25.0000,11,21.4967,7.4645,40.8442,25.8178,,725.3282,snap_through,56.2740
25.0000,12,15.6673,6.7169,27.9936,17.7136,,725.3282,snap_through,56.2740
25.0000,13,8.1187,4.3552,13.6522,9.3945,,725.3282,snap_through,56.2740
25.0000,14,0.0000,0.0000,0.0000,0.0000,,725.3282,snap_through,56.2740
25.0000,max,29.7812,19.7993,59.3941,39.3833,8,725.3282,snap_through,56.2740
30.0000,0,0.0000,0.0000,0.0000,0.0000,,773.9818,snap_through,64.0590
30.0000,1,0.8704,1.8648,0.8704,-1.1157,,773.9818,snap_through,64.0590
30.0000,2,4.9764,1.7956,10.4759,5.0891,,773.9818,snap_through,64.0590
30.0000,3,9.4952,2.6124,28.4194,13.3091,,773.9818,snap_through,64.0590
30.0000,4,15.5880,5.8143,41.5972,24.2148,,773.9818,snap_through,64.0590
30.0000,5,22.1326,10.2461,51.4497,32.7721,,773.9818,snap_through,64.0590
30.0000,6,28.9651,15.5535,59.8600,38.4811,,773.9818,snap_through,64.0590
30.0000,7,33.8656,20.6472,65.9578,41.3918,,773.9818,snap_through,64.0590
30.0000,8,37.1091,20.4316,68.0454,39.9501,,773.9818,snap_through,64.0590
30.0000,9,36.0158,16.0331,63.4071,37.3875,,773.9818,snap_through,64.0590
30.0000,10,31.8033,11.1049,56.5177,33.3745,,773.9818,snap_through,64.0590
30.0000,11,25.6678,7.7833,46.4768,27.0351,,773.9818,snap_through,64.0590
30.0000,12,18.3309,7.0090,32.0361,18.6257,,773.9818,snap_through,64.0590
30.0000,13,9.4743,4.6357,15.7865,9.9577,,773.9818,snap_through,64.0590
30.0000,14,0.0000,0.0000,0.0000,0.0000,,773.9818,snap_through,64.0590
30.0000,max,37.1091,20.6472,68.0454,41.3918,8,773.9818,snap_through,64.0590
