control_disp_mm,force_kN,energy_kJ,plate_intrusion_max_mm
0.0000,0.0000,0.0000,0.0000
1.0000,51.2754,0.0236,0.7159
2.0000,101.7503,0.0942,1.4182
3.0000,154.0884,0.2179,2.1421
4.0000,206.1823,0.3940,2.8588
5.0000,255.9739,0.6197,3.5342
6.0000,300.7364,0.8900,4.1249
7.0000,337.5070,1.1946,4.6206
8.0000,366.1483,1.5237,5.0514
9.0000,388.1451,1.8696,5.4695
10.0000,405.0941,2.2267,5.8736
11.0000,418.7791,2.5921,6.2567
12.0000,430.1065,2.9630,6.6183
13.0000,439.6156,3.3372,6.9559
14.0000,447.7857,3.7138,7.2703
15.0000,455.0399,4.0939,7.5690
16.0000,461.6298,4.4783,7.8541
17.0000,467.6786,4.8667,8.1246
18.0000,473.2227,5.2586,8.3797
19.0000,478.3061,5.6526,8.6205
20.0000,482.9750,6.0473,8.8500
21.0000,487.2506,6.4410,9.0721
22.0000,491.1926,6.8331,9.2882
23.0000,494.8529,7.2231,9.5008
24.0000,498.2641,7.6111,9.7115
25.0000,501.4649,7.9980,9.9239
26.0000,504.4266,8.3826,10.1361
27.0000,507.1667,8.7642,10.3467
28.0000,509.6394,9.1415,10.5565
29.0000,511.7995,9.5129,10.7643
30.0000,513.4925,9.8734,10.9638
31.0000,514.8334,10.2217,11.1565
32.0000,515.5798,10.5565,11.3381
33.0000,515.9784,10.8905,11.5364
34.0000,516.1707,11.2365,11.7471
35.0000,516.3653,11.5945,11.9689
36.0000,516.8535,11.9572,12.2000
37.0000,517.6521,12.3222,12.4394
38.0000,518.7316,12.6894,12.6851
39.0000,519.8547,13.0559,12.9363
40.0000,520.9501,13.4208,13.1925
41.0000,521.9666,13.7829,13.4522
42.0000,527.7180,14.2040,13.8509
43.0000,541.1240,14.7070,14.5039
44.0000,554.6040,15.2261,15.2213
45.0000,567.2654,15.7618,15.9711
46.0000,578.0078,16.2935,16.6889
47.0000,576.6912,16.7042,16.9844
47.2500,569.8820,16.7538,16.9068
48.2500,565.9099,17.1211,17.0993
49.2500,569.1356,17.5561,17.5138
50.2500,575.2063,18.0287,18.0563
51.2500,583.3233,18.5398,18.6968
52.2500,586.4008,19.0337,19.2034
52.7500,587.0580,19.2755,19.4171
53.7500,594.4816,19.7711,19.9575
54.7500,601.9615,20.2653,20.5414
55.7500,609.5280,20.7757,21.2584
56.7500,619.4461,21.3413,22.1111
57.7500,629.3353,21.9178,22.9916
58.7500,638.9290,22.4962,23.8788
59.7500,649.0480,23.0759,24.7716
60.7500,659.6154,23.6586,25.6768
61.7500,669.9237,24.2474,26.5786
62.7500,679.8383,24.8411,27.4765
63.7500,689.4544,25.4404,28.3735
64.7500,698.9232,26.0443,29.2718
65.7500,708.2447,26.6536,30.1788
66.7500,717.3906,27.2693,31.0948
67.7500,726.4360,27.8902,32.0098
68.7500,735.4141,28.5166,32.9670
69.7500,744.2497,29.1492,33.9644
70.7500,753.1499,29.7836,34.9481
71.7500,762.3302,30.4316,35.9548
