,PC1,PC2,PC3
t_Outer,0.9469,-0.2025,-0.0501
t_Plate,0.1548,0.3868,0.0185
t_Inner,0.2865,0.4223,0.1601
t_Patch1,0.0438,-0.2455,0.0014
t_Patch2,-0.0430,0.0421,0.0289
d_sec00,0.0412,0.0469,0.0106
d_sec01,-0.0804,0.0459,0.0941
d_sec02,0.0787,0.0852,-0.0390
d_sec03,-0.0044,-0.0176,0.0255
d_sec04,0.0023,0.0421,-0.0427
d_sec05,0.0569,-0.0458,0.0060
d_sec06,0.0734,-0.0456,-0.0334
d_sec07,0.0630,0.0062,-0.0141
d_sec08,0.0206,-0.1106,0.0929
d_sec09,0.0498,0.0302,0.0107
d_sec10,0.0388,0.0275,-0.0508
d_sec11,-0.0141,0.0141,0.0993
d_sec12,0.0974,-0.0508,-0.2216
d_sec13,0.1249,0.2317,-0.1915
d_sec14,-0.0515,0.0174,0.5377
d_sec15,-0.0192,0.3318,0.6369
d_sec16,-0.0623,0.6319,-0.5726
