sample,PC1,t_Plate,t_Inner,y_pdd,y_fea
1,-3.87637,-0.278627,-0.506224,15.5885,15.8743
2,-3.0125,0.274358,-0.25374,14.8476,15.26
3,-1.85343,-0.501048,-0.695904,16.1801,16.7757
4,-4.25069,-0.350864,-0.215442,15.5446,16.4032
5,3.98945,-0.497483,0.976429,15.4745,15.696
6,-5.28879,0.130151,-0.744473,14.9413,13.1057
7,5.56967,0.14896,0.306188,14.7597,14.5507
8,0.127787,0.144186,0.80387,14.7087,15.0603
9,-2.69546,0.068868,-0.561812,15.2409,16.0662
10,5.32977,-0.548439,0.906397,15.4991,15.2068
11,2.9427,0.372947,-0.798173,15.101,15.0701
12,0.53139,-0.759115,-0.138582,16.5086,15.9382
13,-3.2537,-0.070787,-0.457962,15.3371,15.611
14,2.81638,-0.559975,0.910899,15.6637,15.1975
15,-3.23164,-0.43787,0.822889,15.3207,15.9251
16,-6.33766,-0.385841,-0.541793,15.4351,15.1562
17,2.47281,0.170114,-0.060525,15.0709,15.4909
18,-4.493,-0.095582,-0.622329,15.297,15.8264
19,-7.43328,-0.344024,-0.574162,15.1943,13.9157
20,-0.870515,0.459272,0.009252,14.6836,14.8081
21,0.0599193,-0.367967,0.661341,15.4888,15.8668
22,-1.6806,-0.833016,-0.104942,16.543,16.4974
23,2.29108,-0.036478,0.429086,15.1246,14.8849
24,-0.358049,-0.005246,0.104818,15.2105,15.8882
25,6.082,-0.799394,0.474815,16.0767,16.0697
26,0.281951,0.481008,0.281658,14.581,14.5734
27,-3.22615,-0.222344,0.754297,15.0268,15.4906
28,-4.03488,-0.193308,0.943183,14.8059,13.623
29,1.80379,0.496017,-0.31515,14.8226,15.4865
30,-4.54122,-0.815489,0.443825,16.0075,15.0942
31,-0.142241,0.088904,0.70023,14.8217,15.0219
32,6.32252,-0.273308,0.725081,15.0618,14.9356
33,-0.110496,0.23944,0.684821,14.6469,14.4048
34,-0.767282,-0.540239,-0.146864,16.0965,15.6189
35,-1.81402,0.758793,-0.291133,14.4719,14.1193
36,4.40844,-0.079178,0.990717,14.8144,14.9024
37,-1.96464,0.048293,-0.605687,15.3385,14.881
38,-1.6144,-0.890682,0.919734,16.1821,16.593
39,3.02009,0.63074,0.478198,14.3237,14.1299
40,3.93077,0.298193,0.742366,14.4971,14.0575
41,3.9646,-0.237042,0.880876,15.1218,14.5847
42,-0.117676,0.073259,0.056053,15.1371,15.3582
43,4.83592,0.134053,0.073315,14.9407,15.3446
44,1.5624,0.613577,-0.235032,14.6788,13.8857
45,-4.22994,-0.207014,-0.494802,15.4394,15.9156
46,-4.93753,0.118727,0.181416,14.6405,15.1673
47,-1.18349,-0.976911,0.508437,16.5724,16.1362
48,3.52613,0.944451,0.782433,13.8955,14.159
49,1.2412,-0.410237,0.457303,15.6674,15.7787
50,2.26572,-0.524555,0.492778,15.8247,15.6259
51,3.23366,0.737383,-0.025197,14.4429,14.7413
52,1.81547,0.816677,0.797361,14.0367,14.0255
53,-0.333292,-0.878519,-0.432386,16.8204,16.2965
54,2.12577,-0.155101,0.558752,15.2306,15.72
55,-1.8158,-0.784308,0.392958,16.2295,16.3405
56,2.11546,0.636338,-0.190006,14.6332,14.4513
57,-4.89721,-0.981837,-0.33666,16.607,17.1029
58,-5.65474,-0.200295,0.936128,14.6113,13.1675
59,-4.49272,-0.906691,0.520784,16.1466,16.774
60,-2.71383,0.625074,0.064293,14.3787,14.6035
61,0.209824,0.41161,0.120293,14.7227,15.1914
62,-0.934757,0.906391,0.898099,13.8673,14.3809
63,5.63535,0.848101,0.001193,14.181,14.4525
64,4.22839,0.685594,-0.783212,14.7241,14.8218
65,3.89583,0.225888,0.360258,14.7642,15.1946
66,-0.765691,-0.334351,-0.89213,16.0425,16.5369
67,5.06061,0.587924,-0.110189,14.5033,14.569
68,-0.213805,-0.936058,-0.63758,17.0078,16.9271
69,-0.650803,0.714412,-0.530764,14.662,14.553
70,-7.38762,-0.134335,-0.937191,15.0193,13.316
71,-3.42235,-0.793302,0.320554,16.1472,16.2179
72,3.26585,0.0203,0.576885,14.9491,14.715
73,7.50428,0.933011,-0.264132,14.016,14.2845
74,-0.119933,0.266251,0.834192,14.5414,13.8658
75,3.63139,-0.086871,-0.520256,15.5395,15.3488
76,1.36542,-0.771637,-0.585366,16.7079,16.1786
77,-3.72554,0.532786,-0.400439,14.5587,14.7631
78,-3.84291,-0.731791,-0.380141,16.2854,16.7123
79,-5.26171,-0.627356,0.702852,15.4576,16.107
80,1.29806,0.096376,-0.992855,15.5188,15.4645
81,-1.3834,0.599639,-0.76966,14.8157,14.7752
82,-7.77605,-0.989585,-0.710516,16.2985,15.3442
83,5.82797,0.670878,0.623664,14.0322,13.9477
84,4.83632,0.702339,0.405787,14.1914,13.8575
85,-0.385756,-0.700356,-0.861106,16.6479,16.3709
86,-2.56816,-0.12836,0.640396,15.006,13.8587
87,-2.64447,0.2518,0.43256,14.6113,13.5601
88,-5.14416,-0.808056,0.80816,15.7406,16.3378
89,2.84221,0.318633,0.154882,14.7954,14.8783
90,-0.586684,0.00977,0.169773,15.1542,15.4187
91,-3.20289,-0.481654,-0.221448,15.8636,16.2182
92,8.57453,0.8042,0.197575,13.772,14.1428
93,0.558947,-0.025065,-0.728722,15.583,15.2238
94,1.49302,-0.332463,-0.761608,16.0391,15.6445
95,5.43364,-0.861501,0.843362,16.0726,15.8422
96,4.11218,-0.251003,0.840308,15.1543,15.1935
97,-1.07491,0.889725,0.557133,14.0413,14.859
98,5.40634,0.576399,-0.33134,14.5734,14.6931
99,-3.17172,0.879455,-0.829321,14.4621,13.8895
100,2.4702,0.333534,-0.757042,15.1445,14.786
101,-0.108383,0.002706,-0.049208,15.273,15.9128
102,-5.55318,0.562905,-0.954168,14.4965,14.3904
103,2.70094,-0.371891,-0.44122,15.9639,16.2163
104,6.16867,0.510039,0.819393,14.0551,13.9457
105,-6.27676,-0.244184,-0.295991,15.1374,15.8137
106,3.02646,0.362316,0.024033,14.7967,14.8605
107,-0.470138,-0.028101,0.519087,15.0501,15.8818
108,-1.78415,-0.232671,-0.956024,15.8567,16.1425
109,5.30186,0.83222,-0.360194,14.3681,14.3892
110,4.76312,0.305366,0.54795,14.5295,14.3904
111,-1.97602,-0.311616,-0.388585,15.7619,16.0436
112,-2.02784,-0.646128,0.452751,15.9437,16.1806
113,-2.25191,0.112891,0.295879,14.8719,14.7347
114,-3.87418,0.444941,-0.616122,14.7114,14.8316
115,0.169795,-0.598107,0.585754,15.9008,15.6798
116,1.63994,0.503553,-0.943941,15.0405,15.7139
117,2.22719,0.836273,0.409853,14.2006,13.8758
118,-2.50561,0.643664,0.715714,14.0796,13.8571
119,-2.03416,-0.820277,0.214349,16.3606,16.6606
120,-1.30648,-0.603563,0.399193,15.9404,15.6282
121,-4.36309,0.771408,-0.20733,14.1944,14.1198
122,2.80995,0.660718,-0.079899,14.5489,14.1728
123,-9.60857,-0.662483,-0.815763,15.3509,16.8455
124,2.39154,0.524969,-0.424039,14.8251,14.0096
125,2.88781,-0.10538,-0.240099,15.4892,15.3081
126,-8.85869,-0.398958,-0.568975,14.9954,13.9189
127,-6.66699,0.188307,-0.681243,14.6383,15.5633
128,3.63056,-0.290731,0.686061,15.3163,15.1575
129,-3.28358,0.012964,-0.134217,15.0961,15.2872
130,4.13283,0.741577,-0.158179,14.4484,14.8741
131,3.266,-0.018619,-0.008891,15.263,15.0745
132,-6.22277,-0.556187,-0.931774,15.8627,16.5701
133,3.8437,0.764312,-0.465271,14.5647,14.5419
134,-1.53146,0.314749,-0.630186,15.0533,14.9238
135,-2.8736,-0.146085,-0.306124,15.4184,15.7216
136,-4.69486,-0.762167,-0.077833,16.1205,15.8422
137,5.27962,0.341494,0.60582,14.4208,14.9107
138,0.319692,0.471968,-0.521735,14.9184,15.2638
139,-6.89061,-0.717662,-0.884257,16.0143,16.9748
140,-0.53957,0.434544,0.128217,14.6724,14.3658
141,-1.34444,-0.517759,0.769605,15.6179,15.8985
142,1.72561,-0.901501,0.134889,16.6591,16.3476
143,3.89934,0.865586,0.279793,14.1738,13.5856
144,4.87274,0.971871,0.329199,14.0085,13.6928
145,7.28461,0.989746,0.539231,13.6551,13.5158
146,-5.1341,-0.924908,0.162172,16.2618,17.1074
147,3.04685,0.896395,0.090799,14.2722,13.4666
148,-6.27972,-0.073526,-0.669868,15.0335,14.5906
149,7.01043,0.26048,-0.168394,14.6774,15.2036
150,-0.507681,-0.778436,0.142693,16.3976,15.9155
151,0.643091,0.557356,0.063074,14.6067,13.9565
152,-3.07514,0.176411,-0.017392,14.8615,14.6854
153,-1.96348,-0.94914,-0.485766,16.8907,17.2585
154,-3.80455,0.796033,-0.844009,14.4702,15.4774
155,2.1489,-0.417951,-0.821561,16.1847,15.9033
156,0.602147,0.351665,0.248746,14.7385,15.2957
157,5.75655,0.547747,0.786558,14.0748,14.7171
158,-3.57895,-0.566456,0.892979,15.461,16.0159
159,5.6727,0.789112,0.201399,14.1393,14.4566
160,2.24928,-0.120694,-0.118934,15.4792,15.0798
161,-0.942015,0.929202,0.114432,14.2187,14.5114
162,-5.42465,-0.846844,-0.97658,16.5067,16.8906
163,3.88059,0.653242,0.222355,14.3801,14.5294
164,-0.955847,-0.325707,0.60166,15.4159,15.6032
165,-3.38397,0.059416,-0.596939,15.2032,15.6041
166,-0.916556,0.608384,-0.40269,14.699,15.2693
167,-4.946,0.080034,-0.322915,14.8961,15.1421
168,-2.56714,-0.701127,0.096195,16.1583,16.234
169,2.17758,0.856072,-0.689254,14.6316,13.521
170,2.13934,0.487789,-0.647129,14.9493,15.387
171,-5.29204,-0.2164,-0.344588,15.2616,14.8913
172,-4.52945,0.285896,-0.877712,14.8997,14.932
173,-1.8473,-0.709931,0.857379,15.8705,15.7586
174,3.04401,0.380761,-0.872311,15.1137,15.1973
175,-1.704,-0.179921,0.038618,15.4141,14.9833
176,7.8257,-0.04893,0.983899,14.4292,14.77
177,-3.17914,-0.667859,-0.968723,16.4468,16.9686
178,-3.56411,0.729549,-0.914562,14.5747,13.2885
179,4.06467,0.159626,0.610628,14.7168,14.5105
180,-3.16363,-0.621516,-0.792996,16.3104,16.8846
181,0.587984,-0.403788,0.015479,15.8483,16.1224
182,3.87642,-0.746041,-0.177859,16.4358,16.3311
183,1.32112,0.699348,-0.980668,14.8687,14.7164
184,1.43392,0.235632,-0.278283,15.0952,14.2345
185,-2.56398,-0.940498,-0.810708,16.9446,17.6093
186,2.17123,0.82441,-0.06426,14.4184,14.5516
187,-3.00512,0.246687,0.031664,14.7638,14.5063
188,-1.93926,-0.836353,-0.54757,16.7035,16.4623
189,-1.44854,0.415802,-0.707125,14.9749,14.8413
190,4.87846,0.811289,0.996133,13.8064,13.7343
191,-2.9033,0.914037,-0.412636,14.3114,13.5355
192,-2.0428,-0.580687,0.364996,15.8718,15.1522
193,-0.947567,-0.610573,0.418179,15.9617,15.6959
194,-3.05774,-0.671576,0.339881,15.957,16.3806
195,-0.418986,-0.506162,-0.851919,16.3145,15.9488
196,2.18592,-0.856628,0.04732,16.6063,16.0476
197,1.31784,0.036617,-0.365807,15.375,15.0036
198,1.93159,-0.463999,0.667543,15.6484,15.7197
199,-2.97857,0.403425,-0.095409,14.644,13.836
200,3.68421,0.330089,0.315722,14.6762,14.2294
201,-4.74813,-0.915089,0.085355,16.3268,16.8016
202,3.48805,-0.649271,-0.169164,16.2823,16.0821
203,3.36628,-0.356507,-0.781064,16.0372,15.9135
204,0.753502,0.449278,0.59234,14.4772,14.9787
205,-2.67191,0.665478,-0.468784,14.5579,13.7242
206,-2.23819,-0.871748,0.352585,16.3791,16.2874
207,4.19594,0.924649,0.967977,13.7795,14.5244
208,6.36619,-0.589875,0.735365,15.5548,15.5949
209,3.2926,0.750321,-0.653023,14.6713,15.0186
210,-5.29821,-0.305937,-0.374524,15.4049,16.0789
211,-0.723323,-0.483292,-0.039976,15.9613,15.4144
212,0.508365,-0.994287,0.147854,16.8266,16.1762
213,4.35993,0.887494,0.207017,14.1615,14.4745
214,-1.52619,0.204521,0.752613,14.5925,14.6204
215,-6.77663,-0.741344,0.258503,15.6323,15.1803
216,-4.71909,-0.048099,-0.748021,15.2484,15.3751
217,1.72666,-0.633562,0.241253,16.1308,15.8075
218,7.06617,0.589583,0.187796,14.1737,14.4002
219,2.2825,0.981003,0.671137,13.9666,13.8912
220,-6.73571,-0.528671,-0.922526,15.7305,16.3319
221,0.952555,0.722767,-0.71551,14.7585,15.6947
222,-6.95987,-0.263234,-0.895537,15.2677,14.6412
223,5.03893,0.101904,0.464146,14.7906,14.7725
224,3.60051,0.031525,-0.12614,15.2303,15.2172
225,3.61316,0.685271,0.62579,14.1786,14.1911
226,2.96346,-0.298316,-0.090405,15.7051,16.1368
227,-0.92672,0.220233,0.371332,14.787,14.6782
228,-4.35485,-0.458979,0.267604,15.4983,16.035
229,0.164631,-0.444233,-0.420196,16.0782,15.8932
230,-1.2587,-0.470181,0.345077,15.7471,16.0366
231,-4.29157,-0.881326,-0.838482,16.6715,16.832
232,5.75029,0.956248,-0.349902,14.2295,14.0531
233,-1.87077,-0.166254,0.929533,14.9665,14.7471
234,2.54186,0.42888,-0.671251,15.0097,15.2327
235,2.34722,0.863169,0.231775,14.2573,13.7213
236,0.578729,-0.378386,-0.194229,15.8945,16.0889
237,-3.00478,-0.692704,0.534511,15.9084,15.9621
238,3.59336,-0.576781,0.949368,15.6406,15.4087
239,1.0503,-0.448447,0.864795,15.5294,15.3339
240,3.21489,0.540241,-0.202799,14.6978,15.2781
241,0.256024,0.289626,-0.552434,15.1256,14.895
242,-1.0667,0.461922,-0.267848,14.7843,15.3471
243,-0.277359,-0.961437,-0.451246,16.9863,17.1308
244,-1.0869,0.388344,0.502352,14.5286,13.316
245,2.77046,-0.677929,-0.043426,16.3084,15.6483
246,-1.12142,-0.966121,-0.905431,17.1197,16.4158
247,3.56619,-0.140771,-0.244274,15.5125,15.4938
248,-6.25564,-0.189835,-0.285665,15.0576,15.8076
249,3.11981,0.39486,-0.733338,15.0486,14.8764
250,4.16578,0.051994,0.483774,14.9059,14.885
251,0.0202104,0.363466,-0.499055,15.018,15.5554
252,4.9979,0.168124,0.712475,14.5931,14.9316
253,0.128872,0.778003,0.872128,14.0201,15.1089
254,-7.84021,-0.17115,-0.594569,14.8696,13.166
255,1.60022,0.517584,0.303332,14.5437,15.3536
256,3.41181,0.212428,0.646196,14.6699,14.563
257,1.92842,-0.929437,0.87517,16.3612,16.4668
258,-4.35327,-0.722949,0.567851,15.8053,16.0356
259,-2.03293,-0.110614,-0.98885,15.6765,16.3668
260,-0.233054,0.996774,-0.030234,14.2591,14.2795
261,1.87566,0.969143,0.763779,13.9363,13.4512
262,-0.289391,-0.282376,-0.658898,15.9024,15.4981
263,-1.42964,0.195356,0.257287,14.8421,15.1506
264,-2.88391,-0.429222,-0.476726,15.9066,16.4236
265,3.70464,-0.056299,0.651592,14.9947,14.8394
266,0.296325,0.949193,0.382791,14.1263,14.2141
267,6.60995,0.5728,0.959374,13.8747,13.8136
