variable,S,S_pct,S_structural_pct,S_correlative_pct
Mp_sec08,0.995168,99.5168,134.012,-34.4954
Mp_sec09,0.985317,98.5317,115.305,-16.7728
Mp_sec13,0.815763,81.5763,74.2137,7.36256
Mp_sec12,0.493714,49.3714,28.963,20.4083
Mp_sec05,0.346324,34.6324,24.1002,10.5322
Mp_sec14,0.290659,29.0659,9.99161,19.0743
Mp_sec16,0.272456,27.2456,8.57976,18.6659
Mp_sec15,0.25967,25.967,9.68334,16.2837
Mp_sec06,0.0936487,9.36487,1.94109,7.42378
Mp_sec11,0.0848943,8.48943,3.10367,5.38576
Mp_sec01,0.033254,3.3254,0.458173,2.86723
Mp_sec04,-0.00426055,-0.426055,44.9003,-45.3264
Mp_sec07,-0.0915127,-9.15127,9.29104,-18.4423
Mp_sec00,-0.121768,-12.1768,1.91098,-14.0877
Mp_sec02,-0.43333,-43.333,25.4703,-68.8033
Mp_sec10,-0.521178,-52.1178,36.061,-88.1788
Mp_sec03,-2.49882,-249.882,902.383,-1152.27
