variable,sec,S_full_pct,S_full_loo_pct,S_indep_pct,S_indep_loo_pct
Mp_sec00,0,63.7993,62.0541,0.00765274,-1.0517
Mp_sec01,1,64.4578,62.8608,0.0565608,-0.523498
Mp_sec02,2,64.543,62.9655,0.195194,-0.558823
Mp_sec03,3,64.3328,62.7212,0.581009,0.388242
Mp_sec04,4,65.2121,63.6964,0.671944,-0.0304923
Mp_sec05,5,64.8964,63.2573,0.664846,0.754841
Mp_sec06,6,64.2008,62.5042,0.00974273,-1.13175
Mp_sec07,7,63.7337,62.1057,0.56411,0.292647
Mp_sec08,8,65.0498,63.5141,0.415617,-0.0811184
Mp_sec09,9,66.9542,65.3622,1.88105,1.71539
Mp_sec10,10,64.065,62.3537,1.26752,1.37082
Mp_sec11,11,65.1912,63.6261,0.223416,-0.685332
Mp_sec12,12,66.4496,65.1054,0.738185,0.496826
Mp_sec13,13,69.5107,68.2231,2.82723,4.36819
Mp_sec14,14,66.2975,64.6843,0.659519,0.172917
Mp_sec15,15,67.0801,65.2244,1.05712,0.444511
Mp_sec16,16,68.1474,66.6795,0.354094,-0.130426
