floor_idx,point_idx,x_mm,y_mm,r_mm,t_mm
0.0,1.0,0.0,0.0,0.0,0.0
0.0,2.0,31.559999465942383,0.0,0.0,0.0
0.0,3.0,63.119998931884766,0.0,0.0,0.0
0.0,4.0,94.68000030517578,6.0,0.0,0.0
0.0,5.0,126.23999786376953,12.0,0.0,0.0
0.0,6.0,157.9199981689453,42.0,0.0,0.0
0.0,7.0,189.47999572753906,60.0,0.0,0.0
0.0,8.0,221.0399932861328,60.0,0.0,0.0
0.0,9.0,252.60000610351562,54.0,0.0,0.0
0.0,10.0,284.1600036621094,54.0,0.0,0.0
0.0,11.0,315.8399963378906,54.0,0.0,0.0
0.0,12.0,347.3999938964844,54.0,0.0,0.0
0.0,13.0,378.9599914550781,60.0,0.0,0.0
0.0,14.0,410.5199890136719,60.0,0.0,0.0
0.0,15.0,442.0799865722656,42.0,0.0,0.0
0.0,16.0,473.6400146484375,12.0,0.0,0.0
0.0,17.0,505.32000732421875,6.0,0.0,0.0
0.0,18.0,536.8800048828125,0.0,0.0,0.0
0.0,19.0,568.4400024414062,0.0,0.0,0.0
0.0,20.0,600.0,0.0,0.0,0.0
1.0,1.0,18.75,0.0,0.0,0.0
1.0,2.0,49.342105865478516,0.0,0.0,0.0
1.0,3.0,79.93421173095703,0.0,0.0,0.0
1.0,4.0,126.49409484863281,3.769418478012085,0.0,0.0
1.0,5.0,158.03936767578125,7.388952732086182,0.0,0.0
1.0,6.0,195.36077880859375,56.318878173828125,0.0,0.0
1.0,7.0,214.75567626953125,66.49472045898438,0.0,0.0
1.0,8.0,239.7948455810547,64.11431121826172,0.0,0.0
1.0,9.0,266.23284912109375,56.78535079956055,0.0,0.0
1.0,10.0,292.8692321777344,55.52968215942383,0.0,0.0
1.0,11.0,320.3905944824219,55.736751556396484,0.0,0.0
1.0,12.0,348.5631103515625,54.955665588378906,0.0,0.0
1.0,13.0,375.3200378417969,60.65238571166992,0.0,0.0
1.0,14.0,403.6552429199219,60.90176010131836,0.0,0.0
1.0,15.0,436.9683837890625,41.1241569519043,0.0,0.0
1.0,16.0,466.654541015625,10.96430492401123,0.0,0.0
1.0,17.0,497.06695556640625,5.041037559509277,0.0,0.0
1.0,18.0,538.8157958984375,0.0,0.0,0.0
1.0,19.0,569.4078979492188,0.0,0.0,0.0
1.0,20.0,600.0,0.0,0.0,0.0
2.0,1.0,37.5,0.0,0.0,0.0
2.0,2.0,67.10526275634766,0.0,0.0,0.0
2.0,3.0,96.71052551269531,0.0,0.0,0.0
2.0,4.0,140.9221954345703,3.697720527648926,0.0,0.0
2.0,5.0,171.9848175048828,7.356706619262695,0.0,0.0
2.0,6.0,207.6432342529297,55.50035858154297,0.0,0.0
2.0,7.0,226.79824829101562,65.95481872558594,0.0,0.0
2.0,8.0,251.2385711669922,63.756961822509766,0.0,0.0
2.0,9.0,277.0069274902344,56.69198226928711,0.0,0.0
2.0,10.0,303.0787658691406,55.54389953613281,0.0,0.0
2.0,11.0,330.16064453125,55.830360412597656,0.0,0.0
2.0,12.0,357.51104736328125,55.075870513916016,0.0,0.0
2.0,13.0,383.5117492675781,60.77623748779297,0.0,0.0
2.0,14.0,410.8677978515625,61.00555419921875,0.0,0.0
2.0,15.0,443.15728759765625,41.4119873046875,0.0,0.0
2.0,16.0,471.59454345703125,11.192395210266113,0.0,0.0
2.0,17.0,501.1264343261719,5.180105686187744,0.0,0.0
2.0,18.0,540.7894897460938,0.0,0.0,0.0
2.0,19.0,570.3947143554688,0.0,0.0,0.0
2.0,20.0,600.0,0.0,0.0,0.0
3.0,1.0,56.25,0.0,0.0,0.0
3.0,2.0,84.86842346191406,0.0,0.0,0.0
3.0,3.0,113.4868392944336,0.0,0.0,0.0
3.0,4.0,155.54847717285156,3.6413815021514893,0.0,0.0
3.0,5.0,185.735595703125,7.530869483947754,0.0,0.0
3.0,6.0,219.89813232421875,54.41972351074219,0.0,0.0
3.0,7.0,238.8058624267578,65.41676330566406,0.0,0.0
3.0,8.0,262.65594482421875,63.407066345214844,0.0,0.0
3.0,9.0,287.8817443847656,56.514869689941406,0.0,0.0
3.0,10.0,313.2884216308594,55.753875732421875,0.0,0.0
3.0,11.0,339.8576354980469,55.83145523071289,0.0,0.0
3.0,12.0,366.3936462402344,55.16379165649414,0.0,0.0
3.0,13.0,391.7102355957031,60.8988037109375,0.0,0.0
3.0,14.0,418.23223876953125,61.13471221923828,0.0,0.0
3.0,15.0,449.11962890625,41.633575439453125,0.0,0.0
3.0,16.0,476.5879211425781,11.363456726074219,0.0,0.0
3.0,17.0,505.1589660644531,5.344242095947266,0.0,0.0
3.0,18.0,542.76318359375,0.0,0.0,0.0
3.0,19.0,571.381591796875,0.0,0.0,0.0
3.0,20.0,600.0,0.0,0.0,0.0
4.0,1.0,75.0,0.0,0.0,0.0
4.0,2.0,102.63157653808594,0.0,0.0,0.0
4.0,3.0,130.26315307617188,0.0,0.0,0.0
4.0,4.0,170.44007873535156,3.7733633518218994,0.0,0.0
4.0,5.0,199.3755340576172,7.798218250274658,0.0,0.0
4.0,6.0,232.2580108642578,53.22779846191406,0.0,0.0
4.0,7.0,251.0641326904297,64.94548034667969,0.0,0.0
4.0,8.0,274.1295471191406,63.2362060546875,0.0,0.0
4.0,9.0,298.95977783203125,56.40304946899414,0.0,0.0
4.0,10.0,323.5482177734375,55.962093353271484,0.0,0.0
4.0,11.0,349.48846435546875,55.893375396728516,0.0,0.0
4.0,12.0,375.3628234863281,55.23501205444336,0.0,0.0
4.0,13.0,399.9339294433594,61.02410125732422,0.0,0.0
4.0,14.0,425.73553466796875,61.19004440307617,0.0,0.0
4.0,15.0,454.9812316894531,41.836341857910156,0.0,0.0
4.0,16.0,481.46240234375,11.629176139831543,0.0,0.0
4.0,17.0,509.14129638671875,5.524061679840088,0.0,0.0
4.0,18.0,544.73681640625,0.0,0.0,0.0
4.0,19.0,572.368408203125,0.0,0.0,0.0
4.0,20.0,600.0,0.0,0.0,0.0
5.0,1.0,93.75,0.0,0.0,0.0
5.0,2.0,120.39473724365234,0.0,0.0,0.0
5.0,3.0,147.0394744873047,0.0,0.0,0.0
5.0,4.0,185.43069458007812,3.9989895820617676,0.0,0.0
5.0,5.0,212.90931701660156,8.01667308807373,0.0,0.0
5.0,6.0,244.5675048828125,52.108001708984375,0.0,0.0
5.0,7.0,263.4217529296875,64.56327819824219,0.0,0.0
5.0,8.0,285.77691650390625,63.195308685302734,0.0,0.0
5.0,9.0,310.0716247558594,56.52589416503906,0.0,0.0
5.0,10.0,334.0805358886719,56.19249725341797,0.0,0.0
5.0,11.0,359.2292175292969,56.0721435546875,0.0,0.0
5.0,12.0,384.3975524902344,55.62092971801758,0.0,0.0
5.0,13.0,408.35321044921875,61.334251403808594,0.0,0.0
5.0,14.0,434.1537170410156,61.172271728515625,0.0,0.0
5.0,15.0,460.801513671875,42.073299407958984,0.0,0.0
5.0,16.0,486.3123474121094,11.911234855651855,0.0,0.0
5.0,17.0,513.011962890625,5.756347179412842,0.0,0.0
5.0,18.0,546.7105102539062,0.0,0.0,0.0
5.0,19.0,573.3552856445312,0.0,0.0,0.0
5.0,20.0,600.0,0.0,0.0,0.0
6.0,1.0,112.5,0.0,0.0,0.0
6.0,2.0,138.15789794921875,0.0,0.0,0.0
6.0,3.0,163.8157958984375,0.0,0.0,0.0
6.0,4.0,200.27557373046875,4.174030780792236,0.0,0.0
6.0,5.0,226.51284790039062,8.729829788208008,0.0,0.0
6.0,6.0,256.3791809082031,50.582763671875,0.0,0.0
6.0,7.0,275.9835510253906,64.38609313964844,0.0,0.0
6.0,8.0,297.5377197265625,63.17794418334961,0.0,0.0
6.0,9.0,321.15484619140625,56.821990966796875,0.0,0.0
6.0,10.0,344.8470458984375,56.441375732421875,0.0,0.0
6.0,11.0,368.8780517578125,56.24026870727539,0.0,0.0
6.0,12.0,393.03765869140625,55.93132781982422,0.0,0.0
6.0,13.0,416.19091796875,61.51163864135742,0.0,0.0
6.0,14.0,441.0638122558594,61.26120376586914,0.0,0.0
6.0,15.0,466.49334716796875,42.31416320800781,0.0,0.0
6.0,16.0,491.03271484375,12.192083358764648,0.0,0.0
6.0,17.0,516.623046875,5.95328426361084,0.0,0.0
6.0,18.0,548.6842041015625,0.0,0.0,0.0
6.0,19.0,574.3421020507812,0.0,0.0,0.0
6.0,20.0,600.0,0.0,0.0,0.0
7.0,1.0,131.25,0.0,0.0,0.0
7.0,2.0,155.92105102539062,0.0,0.0,0.0
7.0,3.0,180.59210205078125,0.0,0.0,0.0
7.0,4.0,215.4654998779297,5.0030364990234375,0.0,0.0
7.0,5.0,241.104248046875,10.61007022857666,0.0,0.0
7.0,6.0,268.4372253417969,49.12691879272461,0.0,0.0
7.0,7.0,287.71966552734375,63.92087936401367,0.0,0.0
7.0,8.0,308.0018005371094,63.735069274902344,0.0,0.0
7.0,9.0,330.6631774902344,57.401676177978516,0.0,0.0
7.0,10.0,353.76666259765625,56.63148498535156,0.0,0.0
7.0,11.0,377.11328125,56.440269470214844,0.0,0.0
7.0,12.0,400.5417785644531,56.236724853515625,0.0,0.0
7.0,13.0,423.0684814453125,61.81034851074219,0.0,0.0
7.0,14.0,446.791015625,61.31308364868164,0.0,0.0
7.0,15.0,471.139892578125,42.649871826171875,0.0,0.0
7.0,16.0,495.109375,12.544864654541016,0.0,0.0
7.0,17.0,519.7797241210938,6.491464614868164,0.0,0.0
7.0,18.0,550.6578979492188,0.0,0.0,0.0
7.0,19.0,575.3289184570312,0.0,0.0,0.0
7.0,20.0,600.0,0.0,0.0,0.0
8.0,1.0,150.0,0.0,0.0,0.0
8.0,2.0,173.6842041015625,0.0,0.0,0.0
8.0,3.0,197.36842346191406,0.0,0.0,0.0
8.0,4.0,234.08847045898438,6.84520959854126,0.0,0.0
8.0,5.0,258.088134765625,10.378341674804688,0.0,0.0
8.0,6.0,285.0107116699219,50.31291580200195,0.0,0.0
8.0,7.0,300.77685546875,66.00091552734375,0.0,0.0
8.0,8.0,317.9553527832031,62.344886779785156,0.0,0.0
8.0,9.0,339.2668151855469,55.74457931518555,0.0,0.0
8.0,10.0,361.351318359375,55.3114128112793,0.0,0.0
8.0,11.0,383.4978332519531,55.0577392578125,0.0,0.0
8.0,12.0,405.72601318359375,54.83348846435547,0.0,0.0
8.0,13.0,427.23895263671875,60.63578414916992,0.0,0.0
8.0,14.0,452.0898742675781,60.8874397277832,0.0,0.0
8.0,15.0,474.84197998046875,41.386680603027344,0.0,0.0
8.0,16.0,497.9786071777344,11.032792091369629,0.0,0.0
8.0,17.0,521.7337646484375,4.889561653137207,0.0,0.0
8.0,18.0,552.631591796875,0.0,0.0,0.0
8.0,19.0,576.3157958984375,0.0,0.0,0.0
8.0,20.0,600.0,0.0,0.0,0.0
9.0,1.0,168.75,0.0,0.0,0.0
9.0,2.0,191.44737243652344,0.0,0.0,0.0
9.0,3.0,214.1447296142578,0.0,0.0,0.0
9.0,4.0,248.83633422851562,6.766377925872803,0.0,0.0
9.0,5.0,271.579833984375,10.34676456451416,0.0,0.0
9.0,6.0,297.43682861328125,48.32041549682617,0.0,0.0
9.0,7.0,313.3931884765625,67.21954345703125,0.0,0.0
9.0,8.0,328.51959228515625,61.90340042114258,0.0,0.0
9.0,9.0,349.07000732421875,55.43656539916992,0.0,0.0
9.0,10.0,370.25811767578125,54.9794921875,0.0,0.0
9.0,11.0,391.5079040527344,54.810203552246094,0.0,0.0
9.0,12.0,413.25030517578125,54.903297424316406,0.0,0.0
9.0,13.0,434.13690185546875,60.72392272949219,0.0,0.0
9.0,14.0,458.5117492675781,60.60978317260742,0.0,0.0
9.0,15.0,480.4284973144531,41.1993522644043,0.0,0.0
9.0,16.0,502.2909240722656,11.12529182434082,0.0,0.0
9.0,17.0,525.1163940429688,5.054327964782715,0.0,0.0
9.0,18.0,554.6052856445312,0.0,0.0,0.0
9.0,19.0,577.3026123046875,0.0,0.0,0.0
9.0,20.0,600.0,0.0,0.0,0.0
10.0,1.0,187.5,0.0,0.0,0.0
10.0,2.0,209.2105255126953,0.0,0.0,0.0
10.0,3.0,230.92105102539062,0.0,0.0,0.0
10.0,4.0,263.5988464355469,6.591137409210205,0.0,0.0
10.0,5.0,285.11083984375,10.939996719360352,0.0,0.0
10.0,6.0,309.9741516113281,47.71769332885742,0.0,0.0
10.0,7.0,325.5715637207031,67.03609466552734,0.0,0.0
10.0,8.0,344.77777099609375,63.51359176635742,0.0,0.0
10.0,9.0,361.3089904785156,56.53624725341797,0.0,0.0
10.0,10.0,381.6163330078125,55.927730560302734,0.0,0.0
10.0,11.0,402.0337829589844,55.86740493774414,0.0,0.0
10.0,12.0,422.6546630859375,55.80607223510742,0.0,0.0
10.0,13.0,442.4886779785156,61.60787582397461,0.0,0.0
10.0,14.0,467.3818359375,61.62850570678711,0.0,0.0
10.0,15.0,487.6939392089844,42.14435958862305,0.0,0.0
10.0,16.0,508.5541076660156,11.726972579956055,0.0,0.0
10.0,17.0,530.2083129882812,5.746298313140869,0.0,0.0
10.0,18.0,556.5789184570312,0.0,0.0,0.0
10.0,19.0,578.2894897460938,0.0,0.0,0.0
10.0,20.0,600.0,0.0,0.0,0.0
11.0,1.0,206.25,0.0,0.0,0.0
11.0,2.0,226.9736785888672,0.0,0.0,0.0
11.0,3.0,247.69737243652344,0.0,0.0,0.0
11.0,4.0,276.4616394042969,5.946414947509766,0.0,0.0
11.0,5.0,297.049560546875,10.329092979431152,0.0,0.0
11.0,6.0,321.9466857910156,48.77529525756836,0.0,0.0
11.0,7.0,342.1954650878906,68.10469818115234,0.0,0.0
11.0,8.0,357.0087890625,66.75115966796875,0.0,0.0
11.0,9.0,376.2166748046875,60.00691604614258,0.0,0.0
11.0,10.0,395.25262451171875,59.2168083190918,0.0,0.0
11.0,11.0,414.3872985839844,58.75077438354492,0.0,0.0
11.0,12.0,433.7632141113281,58.153099060058594,0.0,0.0
11.0,13.0,452.5238037109375,62.966548919677734,0.0,0.0
11.0,14.0,473.98052978515625,62.102394104003906,0.0,0.0
11.0,15.0,492.9766540527344,42.27214431762695,0.0,0.0
11.0,16.0,513.05126953125,12.93049430847168,0.0,0.0
11.0,17.0,533.7429809570312,6.639870643615723,0.0,0.0
11.0,18.0,558.5526123046875,0.0,0.0,0.0
11.0,19.0,579.2763061523438,0.0,0.0,0.0
11.0,20.0,600.0,0.0,0.0,0.0
12.0,1.0,225.0,0.0,0.0,0.0
12.0,2.0,244.73684692382812,0.0,0.0,0.0
12.0,3.0,264.47369384765625,0.0,0.0,0.0
12.0,4.0,289.4186096191406,6.4919114112854,0.0,0.0
12.0,5.0,308.80584716796875,12.042092323303223,0.0,0.0
12.0,6.0,330.7027587890625,46.095550537109375,0.0,0.0
12.0,7.0,350.8285827636719,66.66162872314453,0.0,0.0
12.0,8.0,369.8727111816406,67.51522064208984,0.0,0.0
12.0,9.0,388.9210510253906,61.88178253173828,0.0,0.0
12.0,10.0,407.4650573730469,61.45911407470703,0.0,0.0
12.0,11.0,426.212158203125,61.18217086791992,0.0,0.0
12.0,12.0,445.1466369628906,61.158145904541016,0.0,0.0
12.0,13.0,463.1407470703125,65.62394714355469,0.0,0.0
12.0,14.0,481.6593017578125,64.40727233886719,0.0,0.0
12.0,15.0,500.8493347167969,44.51085662841797,0.0,0.0
12.0,16.0,516.7686767578125,11.872909545898438,0.0,0.0
12.0,17.0,537.0614013671875,6.102891445159912,0.0,0.0
12.0,18.0,560.5263061523438,0.0,0.0,0.0
12.0,19.0,580.26318359375,0.0,0.0,0.0
12.0,20.0,600.0,0.0,0.0,0.0
13.0,1.0,243.75,0.0,0.0,0.0
13.0,2.0,262.5,0.0,0.0,0.0
13.0,3.0,281.25,0.0,0.0,0.0
13.0,4.0,303.8101501464844,6.488088607788086,0.0,0.0
13.0,5.0,322.23626708984375,11.972182273864746,0.0,0.0
13.0,6.0,342.3767395019531,44.757286071777344,0.0,0.0
13.0,7.0,361.6380615234375,64.98165130615234,0.0,0.0
13.0,8.0,379.3597106933594,64.73995971679688,0.0,0.0
13.0,9.0,397.81890869140625,58.878719329833984,0.0,0.0
13.0,10.0,415.8914489746094,58.5692138671875,0.0,0.0
13.0,11.0,434.021728515625,58.46793746948242,0.0,0.0
13.0,12.0,452.14044189453125,58.24003219604492,0.0,0.0
13.0,13.0,470.04998779296875,63.72438049316406,0.0,0.0
13.0,14.0,487.5899658203125,62.5057373046875,0.0,0.0
13.0,15.0,505.1167907714844,42.49132537841797,0.0,0.0
13.0,16.0,523.5426635742188,12.745201110839844,0.0,0.0
13.0,17.0,541.3670043945312,6.298133850097656,0.0,0.0
13.0,18.0,562.5,0.0,0.0,0.0
13.0,19.0,581.25,0.0,0.0,0.0
13.0,20.0,600.0,0.0,0.0,0.0
14.0,1.0,262.5,0.0,0.0,0.0
14.0,2.0,280.2631530761719,0.0,0.0,0.0
14.0,3.0,298.02630615234375,0.0,0.0,0.0
14.0,4.0,319.0348815917969,6.496293544769287,0.0,0.0
14.0,5.0,337.1464538574219,13.082588195800781,0.0,0.0
14.0,6.0,355.4640197753906,44.327308654785156,0.0,0.0
14.0,7.0,373.6554870605469,64.47158813476562,0.0,0.0
14.0,8.0,390.428466796875,64.07251739501953,0.0,0.0
14.0,9.0,408.02532958984375,58.491119384765625,0.0,0.0
14.0,10.0,425.17059326171875,58.13033676147461,0.0,0.0
14.0,11.0,442.2886657714844,57.74231719970703,0.0,0.0
14.0,12.0,459.7991027832031,58.05107879638672,0.0,0.0
14.0,13.0,477.0178527832031,63.70511245727539,0.0,0.0
14.0,14.0,493.7091064453125,62.57490921020508,0.0,0.0
14.0,15.0,510.5731201171875,42.88803482055664,0.0,0.0
14.0,16.0,528.0634155273438,12.669013977050781,0.0,0.0
14.0,17.0,544.4204711914062,5.79131555557251,0.0,0.0
14.0,18.0,564.4736938476562,0.0,0.0,0.0
14.0,19.0,582.23681640625,0.0,0.0,0.0
14.0,20.0,600.0,0.0,0.0,0.0
15.0,1.0,281.25,0.0,0.0,0.0
15.0,2.0,298.02630615234375,0.0,0.0,0.0
15.0,3.0,314.8026428222656,0.0,0.0,0.0
15.0,4.0,335.96270751953125,6.714561939239502,0.0,0.0
15.0,5.0,352.1008605957031,12.039337158203125,0.0,0.0
15.0,6.0,370.4210205078125,44.73053741455078,0.0,0.0
15.0,7.0,386.99237060546875,63.87031555175781,0.0,0.0
15.0,8.0,402.1687316894531,64.0894775390625,0.0,0.0
15.0,9.0,418.4522399902344,57.711666107177734,0.0,0.0
15.0,10.0,434.5003967285156,57.318904876708984,0.0,0.0
15.0,11.0,450.60369873046875,57.19907760620117,0.0,0.0
15.0,12.0,466.5795593261719,56.869083404541016,0.0,0.0
15.0,13.0,481.9546203613281,62.23709487915039,0.0,0.0
15.0,14.0,498.1591796875,61.453826904296875,0.0,0.0
15.0,15.0,513.8673706054688,41.87278366088867,0.0,0.0
15.0,16.0,530.4483032226562,11.665974617004395,0.0,0.0
15.0,17.0,546.4690551757812,5.547717094421387,0.0,0.0
15.0,18.0,566.4473876953125,0.0,0.0,0.0
15.0,19.0,583.2236938476562,0.0,0.0,0.0
15.0,20.0,600.0,0.0,0.0,0.0
16.0,1.0,300.0,0.0,0.0,0.0
16.0,2.0,315.7799987792969,0.0,0.0,0.0
16.0,3.0,331.55999755859375,0.0,0.0,0.0
16.0,4.0,347.3399963378906,6.0,0.0,0.0
16.0,5.0,363.1199951171875,12.0,0.0,0.0
16.0,6.0,378.9599914550781,42.0,0.0,0.0
16.0,7.0,394.739990234375,60.0,0.0,0.0
16.0,8.0,410.5199890136719,60.0,0.0,0.0
16.0,9.0,426.29998779296875,54.0,0.0,0.0
16.0,10.0,442.0799865722656,54.0,0.0,0.0
16.0,11.0,457.9200134277344,54.0,0.0,0.0
16.0,12.0,473.70001220703125,54.0,0.0,0.0
16.0,13.0,489.4800109863281,60.0,0.0,0.0
16.0,14.0,505.260009765625,60.0,0.0,0.0
16.0,15.0,521.0399780273438,42.0,0.0,0.0
16.0,16.0,536.8200073242188,12.0,0.0,0.0
16.0,17.0,552.6599731445312,6.0,0.0,0.0
16.0,18.0,568.4400024414062,0.0,0.0,0.0
16.0,19.0,584.219970703125,0.0,0.0,0.0
16.0,20.0,600.0,0.0,0.0,0.0
0.0,0.0,0.0,0.0,0.0,1.5
0.0,1.0,120.0,-18.0,0.0,0.0
0.0,2.0,138.9600067138672,-18.0,0.0,0.0
0.0,3.0,157.9199981689453,-18.0,0.0,0.0
0.0,4.0,176.75999450683594,-18.0,0.0,0.0
0.0,5.0,195.72000122070312,-18.0,0.0,0.0
0.0,6.0,214.8000030517578,0.0,0.0,0.0
0.0,7.0,233.63999938964844,24.0,0.0,0.0
0.0,8.0,252.60000610351562,36.0,0.0,0.0
0.0,9.0,271.55999755859375,36.0,0.0,0.0
0.0,10.0,290.5199890136719,36.0,0.0,0.0
0.0,11.0,309.4800109863281,36.0,0.0,0.0
0.0,12.0,328.44000244140625,36.0,0.0,0.0
0.0,13.0,347.3999938964844,36.0,0.0,0.0
0.0,14.0,366.3599853515625,24.0,0.0,0.0
0.0,15.0,385.20001220703125,0.0,0.0,0.0
0.0,16.0,404.1600036621094,-18.0,0.0,0.0
0.0,17.0,423.239990234375,-18.0,0.0,0.0
0.0,18.0,442.0799865722656,-18.0,0.0,0.0
0.0,19.0,461.0400085449219,-18.0,0.0,0.0
0.0,20.0,480.0,-18.0,0.0,0.0
1.0,1.0,135.0,-18.0,0.0,0.0
1.0,2.0,153.3552703857422,-18.0,0.0,0.0
1.0,3.0,171.7105255126953,-18.0,0.0,0.0
1.0,4.0,202.43463134765625,-23.049835205078125,0.0,0.0
1.0,5.0,221.0193634033203,-21.838848114013672,0.0,0.0
1.0,6.0,241.6818389892578,-2.156282424926758,0.0,0.0
1.0,7.0,264.8135070800781,32.51662826538086,0.0,0.0
1.0,8.0,276.0904541015625,43.538944244384766,0.0,0.0
1.0,9.0,285.9618835449219,37.80051040649414,0.0,0.0
1.0,10.0,299.9141845703125,37.48659896850586,0.0,0.0
1.0,11.0,315.3580322265625,36.9047966003418,0.0,0.0
1.0,12.0,330.59881591796875,36.75509262084961,0.0,0.0
1.0,13.0,347.3107604980469,37.23746109008789,0.0,0.0
1.0,14.0,365.7279357910156,25.861906051635742,0.0,0.0
1.0,15.0,383.5827941894531,-0.08110571652650833,0.0,0.0
1.0,16.0,401.7582702636719,-17.19542694091797,0.0,0.0
1.0,17.0,420.7711181640625,-17.911415100097656,0.0,0.0
1.0,18.0,447.0394592285156,-18.0,0.0,0.0
1.0,19.0,465.3947448730469,-18.0,0.0,0.0
1.0,20.0,483.75,-18.0,0.0,0.0
2.0,1.0,150.0,-18.0,0.0,0.0
2.0,2.0,167.76315307617188,-18.0,0.0,0.0
2.0,3.0,185.5263214111328,-18.0,0.0,0.0
2.0,4.0,214.9588165283203,-22.447473526000977,0.0,0.0
2.0,5.0,232.827392578125,-20.520265579223633,0.0,0.0
2.0,6.0,252.0844268798828,-2.4642441272735596,0.0,0.0
2.0,7.0,274.3143310546875,31.28070068359375,0.0,0.0
2.0,8.0,286.6539611816406,43.31071472167969,0.0,0.0
2.0,9.0,296.0368347167969,37.75819396972656,0.0,0.0
2.0,10.0,309.6182556152344,37.35137176513672,0.0,0.0
2.0,11.0,324.88360595703125,36.944252014160156,0.0,0.0
2.0,12.0,339.88751220703125,36.92142105102539,0.0,0.0
2.0,13.0,356.18780517578125,37.292755126953125,0.0,0.0
2.0,14.0,374.06201171875,25.72983741760254,0.0,0.0
2.0,15.0,391.5127258300781,0.00404459610581398,0.0,0.0
2.0,16.0,408.81866455078125,-17.07468032836914,0.0,0.0
2.0,17.0,427.3323974609375,-17.843276977539062,0.0,0.0
2.0,18.0,451.97369384765625,-18.0,0.0,0.0
2.0,19.0,469.7368469238281,-18.0,0.0,0.0
2.0,20.0,487.5,-18.0,0.0,0.0
3.0,1.0,165.0,-18.0,0.0,0.0
3.0,2.0,182.17105102539062,-18.0,0.0,0.0
3.0,3.0,199.34210205078125,-18.0,0.0,0.0
3.0,4.0,227.41448974609375,-21.724563598632812,0.0,0.0
3.0,5.0,244.565673828125,-19.5481014251709,0.0,0.0
3.0,6.0,262.7866516113281,-2.5798535346984863,0.0,0.0
3.0,7.0,283.93377685546875,30.35294532775879,0.0,0.0
3.0,8.0,296.64239501953125,42.62617492675781,0.0,0.0
3.0,9.0,306.03607177734375,37.66245651245117,0.0,0.0
3.0,10.0,319.6070556640625,37.290428161621094,0.0,0.0
3.0,11.0,334.5007629394531,37.00877380371094,0.0,0.0
3.0,12.0,349.2352600097656,36.93486022949219,0.0,0.0
3.0,13.0,365.07147216796875,37.33012008666992,0.0,0.0
3.0,14.0,382.697509765625,25.531719207763672,0.0,0.0
3.0,15.0,399.4951171875,0.028089290484786034,0.0,0.0
3.0,16.0,416.252197265625,-16.991403579711914,0.0,0.0
3.0,17.0,433.87908935546875,-17.775842666625977,0.0,0.0
3.0,18.0,456.90789794921875,-18.0,0.0,0.0
3.0,19.0,474.0789489746094,-18.0,0.0,0.0
3.0,20.0,491.25,-18.0,0.0,0.0
4.0,1.0,180.0,-18.0,0.0,0.0
4.0,2.0,196.57894897460938,-18.0,0.0,0.0
4.0,3.0,213.15789794921875,-18.0,0.0,0.0
4.0,4.0,239.8616180419922,-20.825050354003906,0.0,0.0
4.0,5.0,256.2453308105469,-18.810619354248047,0.0,0.0
4.0,6.0,273.45220947265625,-2.6276042461395264,0.0,0.0
4.0,7.0,293.5835266113281,29.437135696411133,0.0,0.0
4.0,8.0,306.77740478515625,42.05175018310547,0.0,0.0
4.0,9.0,316.1177673339844,37.61737060546875,0.0,0.0
4.0,10.0,329.6350402832031,37.33894348144531,0.0,0.0
4.0,11.0,344.341796875,37.11775588989258,0.0,0.0
4.0,12.0,358.61907958984375,36.96622848510742,0.0,0.0
4.0,13.0,374.1297302246094,37.385929107666016,0.0,0.0
4.0,14.0,391.1708984375,25.448965072631836,0.0,0.0
4.0,15.0,407.36956787109375,0.136834055185318,0.0,0.0
4.0,16.0,423.6840515136719,-16.892078399658203,0.0,0.0
4.0,17.0,440.56817626953125,-17.69182014465332,0.0,0.0
4.0,18.0,461.84210205078125,-18.0,0.0,0.0
4.0,19.0,478.4210510253906,-18.0,0.0,0.0
4.0,20.0,495.0,-18.0,0.0,0.0
5.0,1.0,195.0,-18.0,0.0,0.0
5.0,2.0,210.98684692382812,-18.0,0.0,0.0
5.0,3.0,226.9736785888672,-18.0,0.0,0.0
5.0,4.0,252.26608276367188,-20.056909561157227,0.0,0.0
5.0,5.0,267.92498779296875,-18.323671340942383,0.0,0.0
5.0,6.0,284.1700439453125,-2.613986015319824,0.0,0.0
5.0,7.0,303.3379821777344,28.545957565307617,0.0,0.0
5.0,8.0,317.00579833984375,41.57489013671875,0.0,0.0
5.0,9.0,326.4169921875,37.62269592285156,0.0,0.0
5.0,10.0,339.6876525878906,37.44398498535156,0.0,0.0
5.0,11.0,354.1319885253906,37.24271011352539,0.0,0.0
5.0,12.0,368.14404296875,37.01905059814453,0.0,0.0
5.0,13.0,383.13775634765625,37.51078796386719,0.0,0.0
5.0,14.0,399.5458679199219,25.443750381469727,0.0,0.0
5.0,15.0,415.2037353515625,0.3392108380794525,0.0,0.0
5.0,16.0,430.9376525878906,-16.793697357177734,0.0,0.0
5.0,17.0,447.0732727050781,-17.51634979248047,0.0,0.0
5.0,18.0,466.77630615234375,-18.0,0.0,0.0
5.0,19.0,482.7631530761719,-18.0,0.0,0.0
5.0,20.0,498.75,-18.0,0.0,0.0
6.0,1.0,210.0,-18.0,0.0,0.0
6.0,2.0,225.3947296142578,-18.0,0.0,0.0
6.0,3.0,240.7894744873047,-18.0,0.0,0.0
6.0,4.0,264.76953125,-19.363632202148438,0.0,0.0
6.0,5.0,280.0606689453125,-17.09929656982422,0.0,0.0
6.0,6.0,295.3154296875,-2.070739507675171,0.0,0.0
6.0,7.0,313.1513366699219,27.697675704956055,0.0,0.0
6.0,8.0,327.20538330078125,41.22888946533203,0.0,0.0
6.0,9.0,336.80743408203125,37.68083572387695,0.0,0.0
6.0,10.0,349.71234130859375,37.5810546875,0.0,0.0
6.0,11.0,363.84234619140625,37.393150329589844,0.0,0.0
6.0,12.0,377.6117858886719,37.17472457885742,0.0,0.0
6.0,13.0,392.16845703125,37.64078903198242,0.0,0.0
6.0,14.0,407.4097595214844,25.19523811340332,0.0,0.0
6.0,15.0,422.4986572265625,0.2660285532474518,0.0,0.0
6.0,16.0,438.11541748046875,-16.685443878173828,0.0,0.0
6.0,17.0,453.32501220703125,-17.26980209350586,0.0,0.0
6.0,18.0,471.7105407714844,-18.0,0.0,0.0
6.0,19.0,487.1052551269531,-18.0,0.0,0.0
6.0,20.0,502.5,-18.0,0.0,0.0
7.0,1.0,225.0,-18.0,0.0,0.0
7.0,2.0,239.80262756347656,-18.0,0.0,0.0
7.0,3.0,254.6052703857422,-18.0,0.0,0.0
7.0,4.0,276.79730224609375,-18.504901885986328,0.0,0.0
7.0,5.0,291.6351318359375,-17.942840576171875,0.0,0.0
7.0,6.0,306.374755859375,-1.5740320682525635,0.0,0.0
7.0,7.0,323.0758056640625,27.315284729003906,0.0,0.0
7.0,8.0,335.8544921875,40.35132598876953,0.0,0.0
7.0,9.0,344.9493713378906,37.5198860168457,0.0,0.0
7.0,10.0,357.7565002441406,37.33788299560547,0.0,0.0
7.0,11.0,371.43865966796875,36.97035217285156,0.0,0.0
7.0,12.0,385.6444396972656,37.5362548828125,0.0,0.0
7.0,13.0,399.59320068359375,37.83140563964844,0.0,0.0
7.0,14.0,415.0848693847656,26.025760650634766,0.0,0.0
7.0,15.0,428.40057373046875,0.11688549071550369,0.0,0.0
7.0,16.0,444.2547912597656,-16.737411499023438,0.0,0.0
7.0,17.0,458.0559387207031,-17.4847412109375,0.0,0.0
7.0,18.0,476.6447448730469,-18.0,0.0,0.0
7.0,19.0,491.4473571777344,-18.0,0.0,0.0
7.0,20.0,506.25,-18.0,0.0,0.0
8.0,1.0,240.0,-18.0,0.0,0.0
8.0,2.0,254.2105255126953,-18.0,0.0,0.0
8.0,3.0,268.4210510253906,-18.0,0.0,0.0
8.0,4.0,292.517333984375,-17.6131649017334,0.0,0.0
8.0,5.0,306.478515625,-15.907537460327148,0.0,0.0
8.0,6.0,320.31787109375,-0.5887477993965149,0.0,0.0
8.0,7.0,336.68231201171875,29.18355941772461,0.0,0.0
8.0,8.0,344.7198181152344,40.62390899658203,0.0,0.0
8.0,9.0,353.09381103515625,37.092811584472656,0.0,0.0
8.0,10.0,365.69451904296875,36.68386459350586,0.0,0.0
8.0,11.0,378.68389892578125,36.46826934814453,0.0,0.0
8.0,12.0,391.59368896484375,36.43128204345703,0.0,0.0
8.0,13.0,406.0514831542969,36.73549270629883,0.0,0.0
8.0,14.0,420.0353088378906,24.91843605041504,0.0,0.0
8.0,15.0,434.50885009765625,-0.25642138719558716,0.0,0.0
8.0,16.0,448.433837890625,-17.2894229888916,0.0,0.0
8.0,17.0,462.74456787109375,-18.22160530090332,0.0,0.0
8.0,18.0,481.5789489746094,-18.0,0.0,0.0
8.0,19.0,495.7894592285156,-18.0,0.0,0.0
8.0,20.0,510.0,-18.0,0.0,0.0
9.0,1.0,255.0,-18.0,0.0,0.0
9.0,2.0,268.618408203125,-18.0,0.0,0.0
9.0,3.0,282.2368469238281,-18.0,0.0,0.0
9.0,4.0,304.9623107910156,-17.080947875976562,0.0,0.0
9.0,5.0,317.8973693847656,-16.261011123657227,0.0,0.0
9.0,6.0,331.411376953125,-0.330122709274292,0.0,0.0
9.0,7.0,345.12115478515625,28.763690948486328,0.0,0.0
9.0,8.0,353.1690979003906,40.027950286865234,0.0,0.0
9.0,9.0,362.01715087890625,36.660579681396484,0.0,0.0
9.0,10.0,374.1216735839844,36.39195251464844,0.0,0.0
9.0,11.0,386.7674865722656,36.405242919921875,0.0,0.0
9.0,12.0,399.210693359375,36.49184036254883,0.0,0.0
9.0,13.0,413.4006652832031,37.207027435302734,0.0,0.0
9.0,14.0,426.93798828125,24.954633712768555,0.0,0.0
9.0,15.0,441.5360107421875,-0.45736801624298096,0.0,0.0
9.0,16.0,454.7720031738281,-17.32147216796875,0.0,0.0
9.0,17.0,468.428955078125,-18.2952823638916,0.0,0.0
9.0,18.0,486.5131530761719,-18.0,0.0,0.0
9.0,19.0,500.131591796875,-18.0,0.0,0.0
9.0,20.0,513.75,-18.0,0.0,0.0
10.0,1.0,270.0,-18.0,0.0,0.0
10.0,2.0,283.02630615234375,-18.0,0.0,0.0
10.0,3.0,296.0526428222656,-18.0,0.0,0.0
10.0,4.0,317.182373046875,-17.134918212890625,0.0,0.0
10.0,5.0,329.553466796875,-16.626482009887695,0.0,0.0
10.0,6.0,342.6724548339844,-0.11777273565530777,0.0,0.0
10.0,7.0,354.9056091308594,28.319133758544922,0.0,0.0
10.0,8.0,363.32952880859375,39.79740524291992,0.0,0.0
10.0,9.0,372.2532043457031,36.756568908691406,0.0,0.0
10.0,10.0,383.8703918457031,36.63642501831055,0.0,0.0
10.0,11.0,396.02105712890625,36.63871383666992,0.0,0.0
10.0,12.0,407.7729187011719,36.735572814941406,0.0,0.0
10.0,13.0,421.60260009765625,37.35065841674805,0.0,0.0
10.0,14.0,434.71832275390625,25.065052032470703,0.0,0.0
10.0,15.0,448.5160217285156,-0.0329924151301384,0.0,0.0
10.0,16.0,461.03118896484375,-17.064006805419922,0.0,0.0
10.0,17.0,474.17767333984375,-17.962188720703125,0.0,0.0
10.0,18.0,491.4473571777344,-18.0,0.0,0.0
10.0,19.0,504.47369384765625,-18.0,0.0,0.0
10.0,20.0,517.5,-18.0,0.0,0.0
11.0,1.0,285.0,-18.0,0.0,0.0
11.0,2.0,297.4342041015625,-18.0,0.0,0.0
11.0,3.0,309.868408203125,-18.0,0.0,0.0
11.0,4.0,329.5433654785156,-17.32826042175293,0.0,0.0
11.0,5.0,341.5322570800781,-16.972206115722656,0.0,0.0
11.0,6.0,353.9712219238281,0.01122056320309639,0.0,0.0
11.0,7.0,365.45379638671875,27.888835906982422,0.0,0.0
11.0,8.0,374.00067138671875,39.60072326660156,0.0,0.0
11.0,9.0,382.6263427734375,36.83584976196289,0.0,0.0
11.0,10.0,393.7559509277344,36.72000503540039,0.0,0.0
11.0,11.0,405.4219055175781,36.713741302490234,0.0,0.0
11.0,12.0,416.7674865722656,36.7805290222168,0.0,0.0
11.0,13.0,430.09039306640625,37.382667541503906,0.0,0.0
11.0,14.0,442.50909423828125,24.985631942749023,0.0,0.0
11.0,15.0,455.7734375,0.2334759533405304,0.0,0.0
11.0,16.0,467.6290588378906,-17.04961585998535,0.0,0.0
11.0,17.0,480.2304382324219,-17.819595336914062,0.0,0.0
11.0,18.0,496.381591796875,-18.0,0.0,0.0
11.0,19.0,508.8157958984375,-18.0,0.0,0.0
11.0,20.0,521.25,-18.0,0.0,0.0
0.0,0.0,0.0,0.0,0.0,2.0
0.0,1.0,0.0,0.0,0.0,0.0
0.0,2.0,31.559999465942383,0.0,0.0,0.0
0.0,3.0,63.119998931884766,0.0,0.0,0.0
0.0,4.0,94.68000030517578,-24.0,0.0,0.0
0.0,5.0,126.36000061035156,-30.0,0.0,0.0
0.0,6.0,157.9199981689453,-30.0,0.0,0.0
0.0,7.0,189.47999572753906,-30.0,0.0,0.0
0.0,8.0,221.0399932861328,-30.0,0.0,0.0
0.0,9.0,252.60000610351562,-18.0,0.0,0.0
0.0,10.0,284.1600036621094,-18.0,0.0,0.0
0.0,11.0,315.8399963378906,-18.0,0.0,0.0
0.0,12.0,347.3999938964844,-18.0,0.0,0.0
0.0,13.0,378.9599914550781,-30.0,0.0,0.0
0.0,14.0,410.5199890136719,-30.0,0.0,0.0
0.0,15.0,442.0799865722656,-30.0,0.0,0.0
0.0,16.0,473.6400146484375,-30.0,0.0,0.0
0.0,17.0,505.32000732421875,-24.0,0.0,0.0
0.0,18.0,536.8800048828125,0.0,0.0,0.0
0.0,19.0,568.4400024414062,0.0,0.0,0.0
0.0,20.0,600.0,0.0,0.0,0.0
1.0,1.0,18.75,0.0,0.0,0.0
1.0,2.0,49.342105865478516,0.0,0.0,0.0
1.0,3.0,79.93421173095703,0.0,0.0,0.0
1.0,4.0,119.63304138183594,-30.540802001953125,0.0,0.0
1.0,5.0,149.8704833984375,-33.99597930908203,0.0,0.0
1.0,6.0,179.62429809570312,-31.552635192871094,0.0,0.0
1.0,7.0,211.04150390625,-27.26421356201172,0.0,0.0
1.0,8.0,240.17327880859375,-26.20285415649414,0.0,0.0
1.0,9.0,265.287109375,-14.590076446533203,0.0,0.0
1.0,10.0,292.0438537597656,-15.886117935180664,0.0,0.0
1.0,11.0,321.8545227050781,-16.407129287719727,0.0,0.0
1.0,12.0,352.1957092285156,-16.927751541137695,0.0,0.0
1.0,13.0,383.4874572753906,-29.643239974975586,0.0,0.0
1.0,14.0,413.2532653808594,-30.22603416442871,0.0,0.0
1.0,15.0,443.9484558105469,-30.604053497314453,0.0,0.0
1.0,16.0,474.4118957519531,-30.87967300415039,0.0,0.0
1.0,17.0,502.5940246582031,-26.386215209960938,0.0,0.0
1.0,18.0,538.8157958984375,0.0,0.0,0.0
1.0,19.0,569.4078979492188,0.0,0.0,0.0
1.0,20.0,600.0,0.0,0.0,0.0
2.0,1.0,37.5,0.0,0.0,0.0
2.0,2.0,67.10526275634766,0.0,0.0,0.0
2.0,3.0,96.71052551269531,0.0,0.0,0.0
2.0,4.0,134.73028564453125,-29.88795280456543,0.0,0.0
2.0,5.0,163.94883728027344,-33.13438034057617,0.0,0.0
2.0,6.0,192.67369079589844,-30.984773635864258,0.0,0.0
2.0,7.0,222.87564086914062,-27.30527114868164,0.0,0.0
2.0,8.0,251.25767517089844,-26.764005661010742,0.0,0.0
2.0,9.0,275.84686279296875,-15.08641529083252,0.0,0.0
2.0,10.0,302.5320739746094,-16.056196212768555,0.0,0.0
2.0,11.0,331.41888427734375,-16.537181854248047,0.0,0.0
2.0,12.0,360.8525085449219,-16.92677116394043,0.0,0.0
2.0,13.0,391.23040771484375,-29.452064514160156,0.0,0.0
2.0,14.0,419.7486267089844,-30.037405014038086,0.0,0.0
2.0,15.0,449.577392578125,-30.333171844482422,0.0,0.0
2.0,16.0,479.136962890625,-30.539798736572266,0.0,0.0
2.0,17.0,506.4414367675781,-26.224721908569336,0.0,0.0
2.0,18.0,540.7894897460938,0.0,0.0,0.0
2.0,19.0,570.3947143554688,0.0,0.0,0.0
2.0,20.0,600.0,0.0,0.0,0.0
3.0,1.0,56.25,0.0,0.0,0.0
3.0,2.0,84.86842346191406,0.0,0.0,0.0
3.0,3.0,113.4868392944336,0.0,0.0,0.0
3.0,4.0,149.88522338867188,-29.068042755126953,0.0,0.0
3.0,5.0,177.8784942626953,-32.13311004638672,0.0,0.0
3.0,6.0,205.71470642089844,-30.575565338134766,0.0,0.0
3.0,7.0,234.53988647460938,-27.629833221435547,0.0,0.0
3.0,8.0,262.05535888671875,-27.332279205322266,0.0,0.0
3.0,9.0,286.40570068359375,-15.535331726074219,0.0,0.0
3.0,10.0,313.0036926269531,-16.173667907714844,0.0,0.0
3.0,11.0,340.8755187988281,-16.56108856201172,0.0,0.0
3.0,12.0,369.520263671875,-16.86970329284668,0.0,0.0
3.0,13.0,398.86529541015625,-29.231229782104492,0.0,0.0
3.0,14.0,426.49676513671875,-29.853069305419922,0.0,0.0
3.0,15.0,455.1402893066406,-30.064041137695312,0.0,0.0
3.0,16.0,483.757080078125,-30.199207305908203,0.0,0.0
3.0,17.0,510.3283996582031,-25.877098083496094,0.0,0.0
3.0,18.0,542.76318359375,0.0,0.0,0.0
3.0,19.0,571.381591796875,0.0,0.0,0.0
3.0,20.0,600.0,0.0,0.0,0.0
4.0,1.0,75.0,0.0,0.0,0.0
4.0,2.0,102.63157653808594,0.0,0.0,0.0
4.0,3.0,130.26315307617188,0.0,0.0,0.0
4.0,4.0,165.0645294189453,-28.38385772705078,0.0,0.0
4.0,5.0,191.84205627441406,-31.51970863342285,0.0,0.0
4.0,6.0,218.7982635498047,-30.211441040039062,0.0,0.0
4.0,7.0,246.36468505859375,-27.971012115478516,0.0,0.0
4.0,8.0,272.91851806640625,-27.839046478271484,0.0,0.0
4.0,9.0,297.2842712402344,-15.74666976928711,0.0,0.0
4.0,10.0,323.50006103515625,-16.22415542602539,0.0,0.0
4.0,11.0,350.4624938964844,-16.52219009399414,0.0,0.0
4.0,12.0,378.1393127441406,-16.769092559814453,0.0,0.0
4.0,13.0,406.4167175292969,-29.030967712402344,0.0,0.0
4.0,14.0,433.2691345214844,-29.681747436523438,0.0,0.0
4.0,15.0,460.8454284667969,-29.810651779174805,0.0,0.0
4.0,16.0,488.3485107421875,-29.89339256286621,0.0,0.0
4.0,17.0,514.1054077148438,-25.479413986206055,0.0,0.0
4.0,18.0,544.73681640625,0.0,0.0,0.0
4.0,19.0,572.368408203125,0.0,0.0,0.0
4.0,20.0,600.0,0.0,0.0,0.0
5.0,1.0,93.75,0.0,0.0,0.0
5.0,2.0,120.39473724365234,0.0,0.0,0.0
5.0,3.0,147.0394744873047,0.0,0.0,0.0
5.0,4.0,180.10496520996094,-27.541221618652344,0.0,0.0
5.0,5.0,205.75973510742188,-30.909343719482422,0.0,0.0
5.0,6.0,231.8171844482422,-29.901412963867188,0.0,0.0
5.0,7.0,258.33544921875,-28.20705795288086,0.0,0.0
5.0,8.0,283.98992919921875,-28.20736312866211,0.0,0.0
5.0,9.0,308.36248779296875,-15.953737258911133,0.0,0.0
5.0,10.0,333.5830993652344,-16.372051239013672,0.0,0.0
5.0,11.0,359.9295959472656,-16.359960556030273,0.0,0.0
5.0,12.0,386.6690673828125,-16.625247955322266,0.0,0.0
5.0,13.0,413.84368896484375,-28.815692901611328,0.0,0.0
5.0,14.0,439.8341064453125,-29.45043182373047,0.0,0.0
5.0,15.0,466.4762268066406,-29.53814697265625,0.0,0.0
5.0,16.0,493.0478515625,-29.59079933166504,0.0,0.0
5.0,17.0,517.7127685546875,-25.09726905822754,0.0,0.0
5.0,18.0,546.7105102539062,0.0,0.0,0.0
5.0,19.0,573.3552856445312,0.0,0.0,0.0
5.0,20.0,600.0,0.0,0.0,0.0
6.0,1.0,112.5,0.0,0.0,0.0
6.0,2.0,138.15789794921875,0.0,0.0,0.0
6.0,3.0,163.8157958984375,0.0,0.0,0.0
6.0,4.0,195.18226623535156,-26.576400756835938,0.0,0.0
6.0,5.0,219.94679260253906,-30.55185317993164,0.0,0.0
6.0,6.0,245.0049591064453,-29.78976821899414,0.0,0.0
6.0,7.0,270.2376403808594,-28.61776351928711,0.0,0.0
6.0,8.0,295.2044982910156,-28.53573226928711,0.0,0.0
6.0,9.0,318.90423583984375,-16.380430221557617,0.0,0.0
6.0,10.0,343.3047180175781,-16.526935577392578,0.0,0.0
6.0,11.0,368.8424377441406,-16.44295310974121,0.0,0.0
6.0,12.0,394.6593017578125,-16.709510803222656,0.0,0.0
6.0,13.0,420.6383056640625,-28.95426368713379,0.0,0.0
6.0,14.0,446.1046447753906,-29.289020538330078,0.0,0.0
6.0,15.0,471.7370910644531,-29.385089874267578,0.0,0.0
6.0,16.0,497.3575439453125,-29.406051635742188,0.0,0.0
6.0,17.0,520.920654296875,-24.97698402404785,0.0,0.0
6.0,18.0,548.6842041015625,0.0,0.0,0.0
6.0,19.0,574.3421020507812,0.0,0.0,0.0
6.0,20.0,600.0,0.0,0.0,0.0
7.0,1.0,131.25,0.0,0.0,0.0
7.0,2.0,155.92105102539062,0.0,0.0,0.0
7.0,3.0,180.59210205078125,0.0,0.0,0.0
7.0,4.0,209.72227478027344,-25.97085189819336,0.0,0.0
7.0,5.0,233.99911499023438,-30.061264038085938,0.0,0.0
7.0,6.0,258.4761962890625,-28.972389221191406,0.0,0.0
7.0,7.0,282.6350402832031,-28.26732063293457,0.0,0.0
7.0,8.0,306.24346923828125,-28.035263061523438,0.0,0.0
7.0,9.0,329.373046875,-16.009218215942383,0.0,0.0
7.0,10.0,353.2201232910156,-16.142623901367188,0.0,0.0
7.0,11.0,377.62420654296875,-16.17599105834961,0.0,0.0
7.0,12.0,402.33709716796875,-16.363759994506836,0.0,0.0
7.0,13.0,426.8607482910156,-28.88928985595703,0.0,0.0
7.0,14.0,452.0382080078125,-29.031110763549805,0.0,0.0
7.0,15.0,476.1264343261719,-29.171104431152344,0.0,0.0
7.0,16.0,500.9735107421875,-29.178499221801758,0.0,0.0
7.0,17.0,524.2884521484375,-24.547405242919922,0.0,0.0
7.0,18.0,550.6578979492188,0.0,0.0,0.0
7.0,19.0,575.3289184570312,0.0,0.0,0.0
7.0,20.0,600.0,0.0,0.0,0.0
8.0,1.0,150.0,0.0,0.0,0.0
8.0,2.0,173.6842041015625,0.0,0.0,0.0
8.0,3.0,197.36842346191406,0.0,0.0,0.0
8.0,4.0,226.67623901367188,-25.10431671142578,0.0,0.0
8.0,5.0,250.14585876464844,-28.74174690246582,0.0,0.0
8.0,6.0,273.05218505859375,-28.158193588256836,0.0,0.0
8.0,7.0,296.02783203125,-27.75809669494629,0.0,0.0
8.0,8.0,316.6444091796875,-27.93016815185547,0.0,0.0
8.0,9.0,339.2904052734375,-16.390979766845703,0.0,0.0
8.0,10.0,362.2938537597656,-16.66977882385254,0.0,0.0
8.0,11.0,385.7425842285156,-16.833328247070312,0.0,0.0
8.0,12.0,409.9470520019531,-17.18956184387207,0.0,0.0
8.0,13.0,433.98541259765625,-29.330835342407227,0.0,0.0
8.0,14.0,457.1678466796875,-30.040313720703125,0.0,0.0
8.0,15.0,480.6573181152344,-30.10130500793457,0.0,0.0
8.0,16.0,504.3963928222656,-30.31346893310547,0.0,0.0
8.0,17.0,526.44189453125,-25.690885543823242,0.0,0.0
8.0,18.0,552.631591796875,0.0,0.0,0.0
8.0,19.0,576.3157958984375,0.0,0.0,0.0
8.0,20.0,600.0,0.0,0.0,0.0
9.0,1.0,168.75,0.0,0.0,0.0
9.0,2.0,191.44737243652344,0.0,0.0,0.0
9.0,3.0,214.1447296142578,0.0,0.0,0.0
9.0,4.0,242.25083923339844,-24.171133041381836,0.0,0.0
9.0,5.0,264.68316650390625,-28.06300163269043,0.0,0.0
9.0,6.0,286.4979553222656,-28.29319190979004,0.0,0.0
9.0,7.0,307.94500732421875,-27.733835220336914,0.0,0.0
9.0,8.0,328.3875732421875,-28.20060157775879,0.0,0.0
9.0,9.0,349.9169006347656,-16.659099578857422,0.0,0.0
9.0,10.0,372.2927551269531,-16.86562156677246,0.0,0.0
9.0,11.0,395.0223693847656,-17.06171226501465,0.0,0.0
9.0,12.0,418.2572021484375,-17.50266456604004,0.0,0.0
9.0,13.0,441.2656555175781,-29.636098861694336,0.0,0.0
9.0,14.0,463.4522399902344,-30.235509872436523,0.0,0.0
9.0,15.0,486.0260009765625,-30.330198287963867,0.0,0.0
9.0,16.0,508.7837829589844,-30.31995391845703,0.0,0.0
9.0,17.0,529.7724609375,-25.989625930786133,0.0,0.0
9.0,18.0,554.6052856445312,0.0,0.0,0.0
9.0,19.0,577.3026123046875,0.0,0.0,0.0
9.0,20.0,600.0,0.0,0.0,0.0
10.0,1.0,187.5,0.0,0.0,0.0
10.0,2.0,209.2105255126953,0.0,0.0,0.0
10.0,3.0,230.92105102539062,0.0,0.0,0.0
10.0,4.0,257.3258056640625,-23.61214828491211,0.0,0.0
10.0,5.0,278.4282531738281,-28.370216369628906,0.0,0.0
10.0,6.0,299.8265380859375,-28.33036994934082,0.0,0.0
10.0,7.0,320.2100524902344,-27.93365478515625,0.0,0.0
10.0,8.0,340.6903381347656,-28.556562423706055,0.0,0.0
10.0,9.0,361.3070983886719,-16.770849227905273,0.0,0.0
10.0,10.0,382.5781555175781,-17.024290084838867,0.0,0.0
10.0,11.0,404.57958984375,-17.06703758239746,0.0,0.0
10.0,12.0,426.962646484375,-17.49886703491211,0.0,0.0
10.0,13.0,449.0550231933594,-29.629596710205078,0.0,0.0
10.0,14.0,470.5379333496094,-30.082653045654297,0.0,0.0
10.0,15.0,492.2012023925781,-30.18971824645996,0.0,0.0
10.0,16.0,514.1590576171875,-30.009990692138672,0.0,0.0
10.0,17.0,533.9908447265625,-25.573741912841797,0.0,0.0
10.0,18.0,556.5789184570312,0.0,0.0,0.0
10.0,19.0,578.2894897460938,0.0,0.0,0.0
10.0,20.0,600.0,0.0,0.0,0.0
11.0,1.0,206.25,0.0,0.0,0.0
11.0,2.0,226.9736785888672,0.0,0.0,0.0
11.0,3.0,247.69737243652344,0.0,0.0,0.0
11.0,4.0,270.6571044921875,-24.87381362915039,0.0,0.0
11.0,5.0,290.9139099121094,-30.125612258911133,0.0,0.0
11.0,6.0,311.864501953125,-29.0917911529541,0.0,0.0
11.0,7.0,331.8901062011719,-28.925817489624023,0.0,0.0
11.0,8.0,352.2458801269531,-28.877649307250977,0.0,0.0
11.0,9.0,372.5426330566406,-17.142183303833008,0.0,0.0
11.0,10.0,392.6053466796875,-17.00973892211914,0.0,0.0
11.0,11.0,413.7624206542969,-17.17653465270996,0.0,0.0
11.0,12.0,435.2239990234375,-17.608692169189453,0.0,0.0
11.0,13.0,456.1817932128906,-29.610700607299805,0.0,0.0
11.0,14.0,476.74462890625,-30.012758255004883,0.0,0.0
11.0,15.0,497.26275634765625,-29.927780151367188,0.0,0.0
11.0,16.0,518.2676391601562,-29.58112907409668,0.0,0.0
11.0,17.0,537.567138671875,-25.424728393554688,0.0,0.0
11.0,18.0,558.5526123046875,0.0,0.0,0.0
11.0,19.0,579.2763061523438,0.0,0.0,0.0
11.0,20.0,600.0,0.0,0.0,0.0
12.0,1.0,225.0,0.0,0.0,0.0
12.0,2.0,244.73684692382812,0.0,0.0,0.0
12.0,3.0,264.47369384765625,0.0,0.0,0.0
12.0,4.0,284.8170166015625,-24.846712112426758,0.0,0.0
12.0,5.0,304.3599853515625,-30.263355255126953,0.0,0.0
12.0,6.0,324.3319091796875,-29.559717178344727,0.0,0.0
12.0,7.0,344.0924987792969,-29.364601135253906,0.0,0.0
12.0,8.0,364.283203125,-28.829692840576172,0.0,0.0
12.0,9.0,383.6806945800781,-16.979862213134766,0.0,0.0
12.0,10.0,402.63818359375,-17.029449462890625,0.0,0.0
12.0,11.0,422.4957580566406,-16.93130111694336,0.0,0.0
12.0,12.0,442.3833923339844,-17.169673919677734,0.0,0.0
12.0,13.0,462.1095275878906,-29.477901458740234,0.0,0.0
12.0,14.0,482.0120849609375,-29.544052124023438,0.0,0.0
12.0,15.0,501.4882507324219,-29.627410888671875,0.0,0.0
12.0,16.0,521.0753784179688,-29.748735427856445,0.0,0.0
12.0,17.0,541.0535888671875,-24.18788719177246,0.0,0.0
12.0,18.0,560.5263061523438,0.0,0.0,0.0
12.0,19.0,580.26318359375,0.0,0.0,0.0
12.0,20.0,600.0,0.0,0.0,0.0
13.0,1.0,243.75,0.0,0.0,0.0
13.0,2.0,262.5,0.0,0.0,0.0
13.0,3.0,281.25,0.0,0.0,0.0
13.0,4.0,300.78131103515625,-23.882020950317383,0.0,0.0
13.0,5.0,319.29730224609375,-29.582998275756836,0.0,0.0
13.0,6.0,337.6903076171875,-29.609451293945312,0.0,0.0
13.0,7.0,356.02740478515625,-29.620346069335938,0.0,0.0
13.0,8.0,374.88421630859375,-29.392656326293945,0.0,0.0
13.0,9.0,393.5452575683594,-17.41537094116211,0.0,0.0
13.0,10.0,412.1335144042969,-17.091556549072266,0.0,0.0
13.0,11.0,430.9216003417969,-16.87008285522461,0.0,0.0
13.0,12.0,450.1363830566406,-17.090723037719727,0.0,0.0
13.0,13.0,468.9373779296875,-29.04317855834961,0.0,0.0
13.0,14.0,487.7649841308594,-29.206520080566406,0.0,0.0
13.0,15.0,506.55303955078125,-29.179065704345703,0.0,0.0
13.0,16.0,525.3323364257812,-29.028675079345703,0.0,0.0
13.0,17.0,544.14501953125,-23.68967628479004,0.0,0.0
13.0,18.0,562.5,0.0,0.0,0.0
13.0,19.0,581.25,0.0,0.0,0.0
13.0,20.0,600.0,0.0,0.0,0.0
14.0,1.0,262.5,0.0,0.0,0.0
14.0,2.0,280.2631530761719,0.0,0.0,0.0
14.0,3.0,298.02630615234375,0.0,0.0,0.0
14.0,4.0,316.118896484375,-24.07567024230957,0.0,0.0
14.0,5.0,334.03326416015625,-29.42440414428711,0.0,0.0
14.0,6.0,351.5585632324219,-29.398574829101562,0.0,0.0
14.0,7.0,369.1697082519531,-29.4589786529541,0.0,0.0
14.0,8.0,387.0500183105469,-29.480985641479492,0.0,0.0
14.0,9.0,404.65325927734375,-17.359882354736328,0.0,0.0
14.0,10.0,422.14654541015625,-17.375640869140625,0.0,0.0
14.0,11.0,439.99383544921875,-17.2880916595459,0.0,0.0
14.0,12.0,458.1484375,-17.394073486328125,0.0,0.0
14.0,13.0,475.9952697753906,-29.39807891845703,0.0,0.0
14.0,14.0,493.80572509765625,-29.418272018432617,0.0,0.0
14.0,15.0,511.6077575683594,-29.402423858642578,0.0,0.0
14.0,16.0,529.3560180664062,-29.42288589477539,0.0,0.0
14.0,17.0,547.114501953125,-23.479768753051758,0.0,0.0
14.0,18.0,564.4736938476562,0.0,0.0,0.0
14.0,19.0,582.23681640625,0.0,0.0,0.0
14.0,20.0,600.0,0.0,0.0,0.0
15.0,1.0,281.25,0.0,0.0,0.0
15.0,2.0,298.02630615234375,0.0,0.0,0.0
15.0,3.0,314.8026428222656,0.0,0.0,0.0
15.0,4.0,332.25848388671875,-23.290143966674805,0.0,0.0
15.0,5.0,348.4599304199219,-29.307964324951172,0.0,0.0
15.0,6.0,365.0310363769531,-29.361675262451172,0.0,0.0
15.0,7.0,381.8338928222656,-29.2982177734375,0.0,0.0
15.0,8.0,398.70220947265625,-29.31767463684082,0.0,0.0
15.0,9.0,415.6231384277344,-17.483036041259766,0.0,0.0
15.0,10.0,431.8914489746094,-17.44601058959961,0.0,0.0
15.0,11.0,448.9279479980469,-17.341711044311523,0.0,0.0
15.0,12.0,466.3738098144531,-17.663545608520508,0.0,0.0
15.0,13.0,483.1686096191406,-29.58196449279785,0.0,0.0
15.0,14.0,499.9835205078125,-29.73288345336914,0.0,0.0
15.0,15.0,516.8458251953125,-29.735694885253906,0.0,0.0
15.0,16.0,533.6635131835938,-29.622135162353516,0.0,0.0
15.0,17.0,550.1578979492188,-24.289306640625,0.0,0.0
15.0,18.0,566.4473876953125,0.0,0.0,0.0
15.0,19.0,583.2236938476562,0.0,0.0,0.0
15.0,20.0,600.0,0.0,0.0,0.0
16.0,1.0,300.0,0.0,0.0,0.0
16.0,2.0,315.7799987792969,0.0,0.0,0.0
16.0,3.0,331.55999755859375,0.0,0.0,0.0
16.0,4.0,347.3399963378906,-24.0,0.0,0.0
16.0,5.0,363.17999267578125,-30.0,0.0,0.0
16.0,6.0,378.9599914550781,-30.0,0.0,0.0
16.0,7.0,394.739990234375,-30.0,0.0,0.0
16.0,8.0,410.5199890136719,-30.0,0.0,0.0
16.0,9.0,426.29998779296875,-18.0,0.0,0.0
16.0,10.0,442.0799865722656,-18.0,0.0,0.0
16.0,11.0,457.9200134277344,-18.0,0.0,0.0
16.0,12.0,473.70001220703125,-18.0,0.0,0.0
16.0,13.0,489.4800109863281,-30.0,0.0,0.0
16.0,14.0,505.260009765625,-30.0,0.0,0.0
16.0,15.0,521.0399780273438,-30.0,0.0,0.0
16.0,16.0,536.8200073242188,-30.0,0.0,0.0
16.0,17.0,552.6599731445312,-24.0,0.0,0.0
16.0,18.0,568.4400024414062,0.0,0.0,0.0
16.0,19.0,584.219970703125,0.0,0.0,0.0
16.0,20.0,600.0,0.0,0.0,0.0
0.0,0.0,0.0,0.0,0.0,1.5
8.0,1.0,240.0,-24.0,0.0,0.0
8.0,2.0,254.2105255126953,-24.0,0.0,0.0
8.0,3.0,268.4210510253906,-24.0,0.0,0.0
8.0,4.0,291.86895751953125,-23.036636352539062,0.0,0.0
8.0,5.0,305.988525390625,-22.504711151123047,0.0,0.0
8.0,6.0,319.2402038574219,-22.44611358642578,0.0,0.0
8.0,7.0,331.9111328125,-9.173248291015625,0.0,0.0
8.0,8.0,342.51806640625,-10.314199447631836,0.0,0.0
8.0,9.0,353.4506530761719,-10.793463706970215,0.0,0.0
8.0,10.0,366.1858215332031,-13.896745681762695,0.0,0.0
8.0,11.0,379.2638854980469,-14.087217330932617,0.0,0.0
8.0,12.0,392.1163330078125,-11.313244819641113,0.0,0.0
8.0,13.0,406.064697265625,-11.224004745483398,0.0,0.0
8.0,14.0,421.560791015625,-11.701191902160645,0.0,0.0
8.0,15.0,435.1979064941406,-23.57567596435547,0.0,0.0
8.0,16.0,449.1201477050781,-23.95318031311035,0.0,0.0
8.0,17.0,463.1523742675781,-23.993513107299805,0.0,0.0
8.0,18.0,481.5789489746094,-24.0,0.0,0.0
8.0,19.0,495.7894592285156,-24.0,0.0,0.0
8.0,20.0,510.0,-24.0,0.0,0.0
9.0,1.0,255.0,-24.0,0.0,0.0
9.0,2.0,268.618408203125,-24.0,0.0,0.0
9.0,3.0,282.2368469238281,-24.0,0.0,0.0
9.0,4.0,304.32489013671875,-23.16560173034668,0.0,0.0
9.0,5.0,317.6339111328125,-22.664548873901367,0.0,0.0
9.0,6.0,330.539794921875,-22.634204864501953,0.0,0.0
9.0,7.0,343.38372802734375,-9.390739440917969,0.0,0.0
9.0,8.0,352.8541564941406,-10.36822509765625,0.0,0.0
9.0,9.0,363.7218933105469,-10.850813865661621,0.0,0.0
9.0,10.0,376.1587829589844,-13.962569236755371,0.0,0.0
9.0,11.0,388.74359130859375,-14.113061904907227,0.0,0.0
9.0,12.0,401.0710144042969,-11.330507278442383,0.0,0.0
9.0,13.0,414.5503845214844,-11.184789657592773,0.0,0.0
9.0,14.0,429.41754150390625,-11.704261779785156,0.0,0.0
9.0,15.0,442.44061279296875,-23.474180221557617,0.0,0.0
9.0,16.0,455.8317565917969,-23.880958557128906,0.0,0.0
9.0,17.0,469.27972412109375,-23.89826202392578,0.0,0.0
9.0,18.0,486.5131530761719,-24.0,0.0,0.0
9.0,19.0,500.131591796875,-24.0,0.0,0.0
9.0,20.0,513.75,-24.0,0.0,0.0
10.0,1.0,270.0,-24.0,0.0,0.0
10.0,2.0,283.02630615234375,-24.0,0.0,0.0
10.0,3.0,296.0526428222656,-24.0,0.0,0.0
10.0,4.0,316.2750244140625,-23.364826202392578,0.0,0.0
10.0,5.0,328.8341064453125,-23.20054817199707,0.0,0.0
10.0,6.0,341.4261474609375,-23.111265182495117,0.0,0.0
10.0,7.0,354.6355285644531,-10.36431884765625,0.0,0.0
10.0,8.0,362.7151794433594,-11.033976554870605,0.0,0.0
10.0,9.0,374.482666015625,-11.051553726196289,0.0,0.0
10.0,10.0,386.5660095214844,-14.132712364196777,0.0,0.0
10.0,11.0,398.6644287109375,-14.295089721679688,0.0,0.0
10.0,12.0,410.99298095703125,-11.575155258178711,0.0,0.0
10.0,13.0,423.85821533203125,-11.25699520111084,0.0,0.0
10.0,14.0,437.8912353515625,-11.760695457458496,0.0,0.0
10.0,15.0,450.5401916503906,-23.499507904052734,0.0,0.0
10.0,16.0,463.1802978515625,-23.902170181274414,0.0,0.0
10.0,17.0,476.1397705078125,-23.906002044677734,0.0,0.0
10.0,18.0,491.4473571777344,-24.0,0.0,0.0
10.0,19.0,504.47369384765625,-24.0,0.0,0.0
10.0,20.0,517.5,-24.0,0.0,0.0
11.0,1.0,285.0,-24.0,0.0,0.0
11.0,2.0,297.4342041015625,-24.0,0.0,0.0
11.0,3.0,309.868408203125,-24.0,0.0,0.0
11.0,4.0,327.42291259765625,-24.4754638671875,0.0,0.0
11.0,5.0,340.2159729003906,-23.61045265197754,0.0,0.0
11.0,6.0,351.18682861328125,-24.63616943359375,0.0,0.0
11.0,7.0,365.3172912597656,-10.678380966186523,0.0,0.0
11.0,8.0,374.0401611328125,-10.974267959594727,0.0,0.0
11.0,9.0,384.9512634277344,-10.816466331481934,0.0,0.0
11.0,10.0,396.6873474121094,-13.875295639038086,0.0,0.0
11.0,11.0,408.530029296875,-13.99132251739502,0.0,0.0
11.0,12.0,420.4516296386719,-11.129096984863281,0.0,0.0
11.0,13.0,432.6698303222656,-10.963431358337402,0.0,0.0
11.0,14.0,445.79217529296875,-11.75300407409668,0.0,0.0
11.0,15.0,457.93109130859375,-23.258852005004883,0.0,0.0
11.0,16.0,469.95892333984375,-23.746578216552734,0.0,0.0
11.0,17.0,482.3506164550781,-23.73201560974121,0.0,0.0
11.0,18.0,496.381591796875,-24.0,0.0,0.0
11.0,19.0,508.8157958984375,-24.0,0.0,0.0
11.0,20.0,521.25,-24.0,0.0,0.0
12.0,1.0,300.0,-24.0,0.0,0.0
12.0,2.0,311.84210205078125,-24.0,0.0,0.0
12.0,3.0,323.6842041015625,-24.0,0.0,0.0
12.0,4.0,338.4233703613281,-25.055734634399414,0.0,0.0
12.0,5.0,350.3843994140625,-24.335596084594727,0.0,0.0
12.0,6.0,361.8462219238281,-24.363628387451172,0.0,0.0
12.0,7.0,374.0036315917969,-11.34949779510498,0.0,0.0
12.0,8.0,385.289794921875,-11.20582103729248,0.0,0.0
12.0,9.0,396.5150146484375,-10.980027198791504,0.0,0.0
12.0,10.0,407.57196044921875,-14.261448860168457,0.0,0.0
12.0,11.0,418.87921142578125,-14.382893562316895,0.0,0.0
12.0,12.0,430.2481689453125,-11.47787094116211,0.0,0.0
12.0,13.0,441.5810852050781,-11.645309448242188,0.0,0.0
12.0,14.0,453.29119873046875,-11.781641960144043,0.0,0.0
12.0,15.0,465.13677978515625,-23.71782875061035,0.0,0.0
12.0,16.0,476.36688232421875,-23.719297409057617,0.0,0.0
12.0,17.0,488.0676574707031,-23.805269241333008,0.0,0.0
12.0,18.0,501.3157958984375,-24.0,0.0,0.0
12.0,19.0,513.1578979492188,-24.0,0.0,0.0
12.0,20.0,525.0,-24.0,0.0,0.0
13.0,1.0,315.0,-24.0,0.0,0.0
13.0,2.0,326.25,-24.0,0.0,0.0
13.0,3.0,337.5,-24.0,0.0,0.0
13.0,4.0,351.06787109375,-24.13360595703125,0.0,0.0
13.0,5.0,362.1734619140625,-24.034992218017578,0.0,0.0
13.0,6.0,373.2948303222656,-24.03654670715332,0.0,0.0
13.0,7.0,384.9880065917969,-11.530521392822266,0.0,0.0
13.0,8.0,395.69866943359375,-11.373281478881836,0.0,0.0
13.0,9.0,406.6397705078125,-11.085348129272461,0.0,0.0
13.0,10.0,417.4491882324219,-14.21783447265625,0.0,0.0
13.0,11.0,428.3492431640625,-14.324808120727539,0.0,0.0
13.0,12.0,439.2521057128906,-11.471555709838867,0.0,0.0
13.0,13.0,450.2194519042969,-11.103653907775879,0.0,0.0
13.0,14.0,460.90985107421875,-11.709882736206055,0.0,0.0
13.0,15.0,472.199462890625,-23.567487716674805,0.0,0.0
13.0,16.0,483.095458984375,-23.70690155029297,0.0,0.0
13.0,17.0,494.3345031738281,-23.630495071411133,0.0,0.0
13.0,18.0,506.25,-24.0,0.0,0.0
13.0,19.0,517.5,-24.0,0.0,0.0
13.0,20.0,528.75,-24.0,0.0,0.0
14.0,1.0,330.0,-24.0,0.0,0.0
14.0,2.0,340.65789794921875,-24.0,0.0,0.0
14.0,3.0,351.3157958984375,-24.0,0.0,0.0
14.0,4.0,363.7445068359375,-24.12095069885254,0.0,0.0
14.0,5.0,374.3019714355469,-23.993331909179688,0.0,0.0
14.0,6.0,385.08990478515625,-23.751495361328125,0.0,0.0
14.0,7.0,395.52813720703125,-11.83073902130127,0.0,0.0
14.0,8.0,405.9696044921875,-11.510968208312988,0.0,0.0
14.0,9.0,416.3877868652344,-11.295099258422852,0.0,0.0
14.0,10.0,426.7044677734375,-14.50735855102539,0.0,0.0
14.0,11.0,437.10821533203125,-14.574666976928711,0.0,0.0
14.0,12.0,447.5316162109375,-11.612600326538086,0.0,0.0
14.0,13.0,457.8768005371094,-11.6436128616333,0.0,0.0
14.0,14.0,468.25042724609375,-11.847490310668945,0.0,0.0
14.0,15.0,478.94024658203125,-23.86854362487793,0.0,0.0
14.0,16.0,489.4228820800781,-23.793577194213867,0.0,0.0
14.0,17.0,500.07232666015625,-23.775434494018555,0.0,0.0
14.0,18.0,511.1842041015625,-24.0,0.0,0.0
14.0,19.0,521.8421020507812,-24.0,0.0,0.0
14.0,20.0,532.5,-24.0,0.0,0.0
15.0,1.0,345.0,-24.0,0.0,0.0
15.0,2.0,355.0657958984375,-24.0,0.0,0.0
15.0,3.0,365.131591796875,-24.0,0.0,0.0
15.0,4.0,378.12908935546875,-23.601802825927734,0.0,0.0
15.0,5.0,387.896240234375,-23.57193946838379,0.0,0.0
15.0,6.0,397.3145446777344,-23.7600154876709,0.0,0.0
15.0,7.0,407.6036376953125,-11.192134857177734,0.0,0.0
15.0,8.0,416.5656433105469,-11.624048233032227,0.0,0.0
15.0,9.0,426.175537109375,-11.503189086914062,0.0,0.0
15.0,10.0,435.97796630859375,-14.46838092803955,0.0,0.0
15.0,11.0,445.77679443359375,-14.588167190551758,0.0,0.0
15.0,12.0,455.5711975097656,-11.713127136230469,0.0,0.0
15.0,13.0,465.23260498046875,-11.645893096923828,0.0,0.0
15.0,14.0,475.2040710449219,-11.913985252380371,0.0,0.0
15.0,15.0,485.22845458984375,-23.809612274169922,0.0,0.0
15.0,16.0,495.2462158203125,-23.781909942626953,0.0,0.0
15.0,17.0,505.2362365722656,-23.7982234954834,0.0,0.0
15.0,18.0,516.118408203125,-24.0,0.0,0.0
15.0,19.0,526.1842041015625,-24.0,0.0,0.0
15.0,20.0,536.25,-24.0,0.0,0.0
16.0,1.0,360.0,-24.0,0.0,0.0
16.0,2.0,369.4800109863281,-24.0,0.0,0.0
16.0,3.0,378.9599914550781,-24.0,0.0,0.0
16.0,4.0,388.3800048828125,-24.0,0.0,0.0
16.0,5.0,397.8599853515625,-24.0,0.0,0.0
16.0,6.0,407.3999938964844,-24.0,0.0,0.0
16.0,7.0,416.82000732421875,-12.0,0.0,0.0
16.0,8.0,426.29998779296875,-12.0,0.0,0.0
16.0,9.0,435.7799987792969,-12.0,0.0,0.0
16.0,10.0,445.260009765625,-15.0,0.0,0.0
16.0,11.0,454.739990234375,-15.0,0.0,0.0
16.0,12.0,464.2200012207031,-12.0,0.0,0.0
16.0,13.0,473.70001220703125,-12.0,0.0,0.0
16.0,14.0,483.17999267578125,-12.0,0.0,0.0
16.0,15.0,492.6000061035156,-24.0,0.0,0.0
16.0,16.0,502.0799865722656,-24.0,0.0,0.0
16.0,17.0,511.6199951171875,-24.0,0.0,0.0
16.0,18.0,521.0399780273438,-24.0,0.0,0.0
16.0,19.0,530.52001953125,-24.0,0.0,0.0
16.0,20.0,540.0,-24.0,0.0,0.0
0.0,0.0,0.0,0.0,0.0,1.5
15.0,1.0,345.0,-18.0,0.0,0.0
15.0,2.0,355.0657958984375,-18.0,0.0,0.0
15.0,3.0,365.131591796875,-18.0,0.0,0.0
15.0,4.0,377.7884521484375,-18.12775421142578,0.0,0.0
15.0,5.0,387.3939514160156,-18.089733123779297,0.0,0.0
15.0,6.0,397.4759216308594,-0.6590292453765869,0.0,0.0
15.0,7.0,408.3759460449219,25.307100296020508,0.0,0.0
15.0,8.0,418.1805725097656,37.47544860839844,0.0,0.0
15.0,9.0,426.8470764160156,37.02362060546875,0.0,0.0
15.0,10.0,436.6138916015625,37.38252639770508,0.0,0.0
15.0,11.0,445.93701171875,37.07053756713867,0.0,0.0
15.0,12.0,455.0485534667969,36.652565002441406,0.0,0.0
15.0,13.0,464.8520812988281,36.6357307434082,0.0,0.0
15.0,14.0,474.56976318359375,24.582948684692383,0.0,0.0
15.0,15.0,484.35064697265625,-0.5027475357055664,0.0,0.0
15.0,16.0,494.3782653808594,-17.936782836914062,0.0,0.0
15.0,17.0,504.4610595703125,-18.259675979614258,0.0,0.0
15.0,18.0,516.118408203125,-18.0,0.0,0.0
15.0,19.0,526.1842041015625,-18.0,0.0,0.0
15.0,20.0,536.25,-18.0,0.0,0.0
16.0,1.0,360.0,-18.0,0.0,0.0
16.0,2.0,369.4800109863281,-18.0,0.0,0.0
16.0,3.0,378.9599914550781,-18.0,0.0,0.0
16.0,4.0,388.3800048828125,-18.0,0.0,0.0
16.0,5.0,397.8599853515625,-18.0,0.0,0.0
16.0,6.0,407.3999938964844,0.0,0.0,0.0
16.0,7.0,416.82000732421875,24.0,0.0,0.0
16.0,8.0,426.29998779296875,36.0,0.0,0.0
16.0,9.0,435.7799987792969,36.0,0.0,0.0
16.0,10.0,445.260009765625,36.0,0.0,0.0
16.0,11.0,454.739990234375,36.0,0.0,0.0
16.0,12.0,464.2200012207031,36.0,0.0,0.0
16.0,13.0,473.70001220703125,36.0,0.0,0.0
16.0,14.0,483.17999267578125,24.0,0.0,0.0
16.0,15.0,492.6000061035156,0.0,0.0,0.0
16.0,16.0,502.0799865722656,-18.0,0.0,0.0
16.0,17.0,511.6199951171875,-18.0,0.0,0.0
16.0,18.0,521.0399780273438,-18.0,0.0,0.0
16.0,19.0,530.52001953125,-18.0,0.0,0.0
16.0,20.0,540.0,-18.0,0.0,0.0
0.0,0.0,0.0,0.0,0.0,1.5
