sample,y,y_pdd,y_loo
1,123.883,122.36,121.745
2,119.345,118.317,118.207
3,121.804,121.304,121.217
4,120.372,120.216,120.195
5,113.201,112.556,112.333
6,123.701,123.016,122.797
7,111.695,112.938,113.236
8,117.218,116.844,116.787
9,120.286,119.798,119.736
10,114.368,113.943,113.685
11,113.895,112.732,112.368
12,118.041,117.449,117.377
13,121.898,120.596,120.285
14,115.207,113.834,113.134
15,118.441,118.175,118.132
16,125.873,123.581,122.689
17,113.211,114.76,115.103
18,119.885,120.23,120.303
19,125.011,124.358,124.038
20,118.511,116.831,116.611
21,117.885,117.507,117.464
22,118.088,117.506,117.438
23,116.29,116.646,116.699
24,117.907,117.006,116.864
25,115.67,114.792,114.338
26,115.911,117.508,117.885
27,120.343,120.39,120.399
28,120.469,121.638,122.171
29,117.494,116.65,116.558
30,122.351,124.694,126.253
31,116.052,115.023,114.861
32,113.354,112.788,112.565
33,117.528,118.124,118.212
34,118.969,117.74,117.61
35,120.914,121.259,121.389
36,114.115,114.229,114.258
37,118.989,118.409,118.336
38,117.661,116.938,116.865
39,114.884,115.058,115.088
40,114.102,115.546,115.713
41,114.098,114.816,115.13
42,119.902,118.09,117.93
43,113.503,114.073,114.309
44,119.175,118.092,117.895
45,120.968,120.507,120.409
46,120.819,120.612,120.558
47,117.357,118.679,118.833
48,115.246,115.509,115.534
49,115.199,115.493,115.522
50,115.029,114.477,114.371
51,115.343,114.716,114.602
52,115.062,116.893,117.034
53,118.765,116.81,116.374
54,115.225,114.421,114.335
55,118.057,117.306,117.178
56,114.701,115.851,116.139
57,121.561,120.596,120.477
58,118.604,120.834,121.78
59,122.981,123.581,123.73
60,118.626,118.205,118.129
61,117.18,117.525,117.593
62,114.946,118.536,119.267
63,112.474,112.769,112.859
64,114.339,113.843,113.712
65,113.656,114.271,114.469
66,119.268,118.339,118.254
67,113.237,113.111,113.017
68,118.218,118.814,118.914
69,119.489,119.981,120.082
70,117.632,122.63,125.868
71,121.898,121.698,121.614
72,112.485,111.968,111.816
73,111.845,109.731,108.834
74,117.321,118.859,119.093
75,116.248,117.694,118.008
76,118.727,116.95,116.735
77,120.571,120.63,120.644
78,123.537,122.577,122.183
79,120.58,119.436,119.242
80,117.061,116.35,116.251
81,119.03,119.518,119.588
82,128.896,127.451,126.71
83,110.347,110.886,111.457
84,111.147,111.708,111.908
85,120.341,118.175,118.038
86,121.94,122.739,123.114
87,118.352,119.263,119.568
88,122.302,122.643,122.838
89,115.711,115.725,115.726
90,119.628,117.849,117.301
91,119.651,118.733,118.583
92,111.401,111.598,111.665
94,117.847,117.885,117.889
95,115.233,114.23,113.494
96,113.827,114.275,114.456
97,118.034,120.433,120.652
98,114.281,116.276,116.667
99,121.045,121.817,122.099
100,115.765,116.62,116.688
101,119.567,119.553,119.551
102,121.347,120.204,119.727
103,116.567,114.193,113.444
104,109.712,109.504,109.365
105,123.328,123.272,123.246
106,114.035,114.348,114.392
107,115.833,115.945,115.977
108,120.171,120.072,120.058
109,114.309,114.785,114.867
110,110.434,111.032,111.551
111,119.923,119.188,119.116
112,118.44,118.459,118.461
113,117.183,119.822,120.409
114,119.724,119.773,119.783
115,118.16,117.25,117.21
116,114.591,115.586,115.806
117,115.395,115.761,115.823
118,118.929,118.292,118.095
119,118.456,118.605,118.618
120,117.503,116.924,116.855
121,119.602,120.226,120.665
122,114.099,114.247,114.272
123,127.362,126.011,124.981
124,117.417,117.763,117.806
125,114.322,115.19,115.326
126,124.859,124.173,123.666
127,123.703,125.108,126.211
128,113.828,114.104,114.206
129,121.131,122.089,122.23
130,111.624,112.851,113.31
131,113.737,113.85,113.875
132,126.528,126.019,125.803
133,114.113,114.161,114.172
134,121.144,119.827,119.618
135,121.538,121.034,120.92
136,124.009,122.715,122.192
137,112.849,114.303,114.592
138,119.484,120.264,120.406
140,117.955,119.177,119.371
141,119.537,120.759,120.931
142,117.249,115.204,114.648
143,112.233,113.274,113.742
144,111.583,113.044,113.435
145,110.101,111.633,112.499
146,116.379,118.995,119.545
147,115.649,114.363,114.088
148,124.956,123.971,123.578
149,113.4,114.55,115.185
150,117.49,117.313,117.298
151,117.095,117.495,117.589
152,120.256,121.049,121.228
153,119.416,120.289,120.358
154,122.34,122.973,123.408
155,118.67,118.199,118.145
157,109.583,109.694,109.818
158,120.996,120.41,120.254
159,112.301,110.419,109.21
160,113.745,114.615,114.833
161,117.434,116.995,116.899
162,121.564,120.419,120.266
163,112.32,113.045,113.276
164,116.47,116.718,116.761
165,119.848,118.837,118.711
166,116.56,117.836,117.981
167,122.185,120.365,120.038
168,121.436,119.393,118.972
169,118.592,119.476,119.581
170,114.42,114.651,114.693
171,124.597,122.565,121.849
172,123.107,123.738,124.135
173,116.866,117.716,117.916
176,112.497,112.252,112.134
