F0_kN,E_kJ,status,control_disp,sec,z_mm,plate_intrusion,plate_distortion,outer_intrusion,d_crush
496.000,10.000,stable,31.638,0,0.000,0.000,0.000,0.000,0.000
496.000,10.000,stable,31.638,1,65.730,0.431,0.937,0.388,-1.708
496.000,10.000,stable,31.638,2,131.460,2.537,1.144,6.747,2.095
496.000,10.000,stable,31.638,3,197.190,3.984,3.144,18.561,6.109
496.000,10.000,stable,31.638,4,262.930,6.167,5.616,25.925,11.985
496.000,10.000,stable,31.638,5,328.660,8.269,9.002,30.291,17.063
496.000,10.000,stable,31.638,6,394.390,9.939,12.891,34.160,21.520
496.000,10.000,stable,31.638,7,460.120,10.610,16.134,37.492,25.579
496.000,10.000,stable,31.638,8,525.850,10.769,16.292,36.776,26.414
496.000,10.000,stable,31.638,9,591.580,10.700,13.294,33.426,22.709
496.000,10.000,stable,31.638,10,657.310,10.052,9.555,28.546,19.151
496.000,10.000,stable,31.638,11,723.040,8.700,5.627,22.283,14.880
496.000,10.000,stable,31.638,12,788.780,6.725,3.223,14.907,10.129
496.000,10.000,stable,31.638,13,854.510,3.769,2.185,7.043,5.266
496.000,10.000,stable,31.638,14,920.240,0.000,0.000,0.000,0.000
555.100,15.000,stable,44.345,0,0.000,0.000,0.000,0.000,0.000
555.100,15.000,stable,44.345,1,65.730,0.532,1.023,0.495,-2.193
555.100,15.000,stable,44.345,2,131.460,3.138,1.118,7.876,2.345
555.100,15.000,stable,44.345,3,197.190,5.057,3.015,22.518,8.145
555.100,15.000,stable,44.345,4,262.930,8.030,5.799,32.379,16.406
555.100,15.000,stable,44.345,5,328.660,10.974,10.099,38.911,23.518
555.100,15.000,stable,44.345,6,394.390,13.676,15.474,44.561,29.846
555.100,15.000,stable,44.345,7,460.120,14.897,20.560,49.074,35.613
555.100,15.000,stable,44.345,8,525.850,15.466,21.062,48.375,36.725
555.100,15.000,stable,44.345,9,591.580,15.517,16.860,43.472,31.650
555.100,15.000,stable,44.345,10,657.310,14.476,11.943,36.891,26.639
555.100,15.000,stable,44.345,11,723.040,12.407,7.057,28.782,20.706
555.100,15.000,stable,44.345,12,788.780,9.457,4.538,19.461,14.123
555.100,15.000,stable,44.345,13,854.510,4.988,2.993,9.471,7.355
555.100,15.000,stable,44.345,14,920.240,0.000,0.000,0.000,0.000
610.200,20.000,snap_through,54.331,0,0.000,0.000,0.000,0.000,0.000
610.200,20.000,snap_through,54.331,1,65.730,0.677,1.093,0.677,-2.331
610.200,20.000,snap_through,54.331,2,131.460,3.267,1.084,9.400,2.418
610.200,20.000,snap_through,54.331,3,197.190,5.844,2.435,26.782,10.394
610.200,20.000,snap_through,54.331,4,262.930,9.442,5.402,38.474,21.329
610.200,20.000,snap_through,54.331,5,328.660,13.096,10.439,46.509,30.247
610.200,20.000,snap_through,54.331,6,394.390,16.972,16.771,53.132,37.129
610.200,20.000,snap_through,54.331,7,460.120,19.406,22.790,57.980,41.708
610.200,20.000,snap_through,54.331,8,525.850,21.069,23.338,56.568,41.767
610.200,20.000,snap_through,54.331,9,591.580,21.635,18.461,50.900,36.959
610.200,20.000,snap_through,54.331,10,657.310,20.131,12.839,43.656,31.543
610.200,20.000,snap_through,54.331,11,723.040,17.150,7.369,35.327,24.802
610.200,20.000,snap_through,54.331,12,788.780,12.837,5.867,24.086,16.909
610.200,20.000,snap_through,54.331,13,854.510,6.659,3.817,11.630,8.763
610.200,20.000,snap_through,54.331,14,920.240,0.000,0.000,0.000,0.000
680.700,25.000,snap_through,62.454,0,0.000,0.000,0.000,0.000,0.000
680.700,25.000,snap_through,62.454,1,65.730,0.987,1.330,0.987,-2.276
680.700,25.000,snap_through,62.454,2,131.460,4.389,1.541,11.041,3.151
680.700,25.000,snap_through,62.454,3,197.190,7.981,1.921,31.062,13.326
680.700,25.000,snap_through,62.454,4,262.930,12.681,2.827,44.637,25.975
680.700,25.000,snap_through,62.454,5,328.660,17.463,8.153,53.895,35.337
680.700,25.000,snap_through,62.454,6,394.390,22.476,15.551,61.011,41.862
680.700,25.000,snap_through,62.454,7,460.120,26.048,22.565,65.675,45.399
680.700,25.000,snap_through,62.454,8,525.850,28.763,22.941,64.058,43.611
680.700,25.000,snap_through,62.454,9,591.580,28.937,17.751,58.565,39.080
680.700,25.000,snap_through,62.454,10,657.310,26.018,12.254,51.060,33.875
680.700,25.000,snap_through,62.454,11,723.040,21.478,7.103,41.414,26.896
680.700,25.000,snap_through,62.454,12,788.780,15.578,6.324,28.364,18.420
680.700,25.000,snap_through,62.454,13,854.510,8.022,4.127,13.902,9.656
680.700,25.000,snap_through,62.454,14,920.240,0.000,0.000,0.000,0.000
753.300,30.000,snap_through,70.287,0,0.000,0.000,0.000,0.000,0.000
753.300,30.000,snap_through,70.287,1,65.730,1.290,1.518,1.290,-2.253
753.300,30.000,snap_through,70.287,2,131.460,5.785,2.092,12.389,3.857
753.300,30.000,snap_through,70.287,3,197.190,10.847,2.869,33.651,15.124
753.300,30.000,snap_through,70.287,4,262.930,16.740,3.491,49.268,28.368
753.300,30.000,snap_through,70.287,5,328.660,22.657,6.487,59.361,37.669
753.300,30.000,snap_through,70.287,6,394.390,28.639,14.397,67.371,43.631
753.300,30.000,snap_through,70.287,7,460.120,33.282,22.290,72.670,46.800
753.300,30.000,snap_through,70.287,8,525.850,36.776,22.834,72.228,44.589
753.300,30.000,snap_through,70.287,9,591.580,36.101,17.595,66.189,40.213
753.300,30.000,snap_through,70.287,10,657.310,31.652,12.271,57.836,35.500
753.300,30.000,snap_through,70.287,11,723.040,25.500,7.276,46.908,28.400
753.300,30.000,snap_through,70.287,12,788.780,18.060,6.379,32.179,19.510
753.300,30.000,snap_through,70.287,13,854.510,9.307,4.276,15.910,10.355
753.300,30.000,snap_through,70.287,14,920.240,0.000,0.000,0.000,0.000
